col1,col2,col3,col4,col5,col6,col7,col8,col9,col10
3b6fe919-79c3-474e-9d55-332272307393,00:08:03,MotionDetect,True,Motion,100,77,Floor 5,503,MTH
85b09ff5-3b2f-4caa-8253-a89cbebe7397,00:08:18,MotionDetect,True,Motion,100,84,Floor 5,503,MTH
d2024280-fccd-4c86-9839-8fbdedd4aee5,00:36:34,DoorData,True,Door Position,100,79,Floor 5,503,D
3ec536f7-1c48-4f80-8439-d077a155664c,00:38:27,MotionDetect,False,Motion,100,79,Floor 5,503,MTH
0b9e755d-5c2f-4e11-8366-f457bd12bb24,01:00:00,MotionDetect,False,Motion,100,55,Floor 5,503,M
8917360c-fb18-4886-ae4d-6bb3f1737235,01:02:26,DoorData,True,Door Position,97,84,Floor 5,503,D
4fcd98d8-d2ba-4bd9-96fe-ae70457757f6,01:09:23,DoorData,True,Door Position,100,78,Floor 5,503,D
5587cdda-b2d1-40b3-b9a0-b5de04b45dd1,01:24:32,MotionDetect,False,Motion,100,62,Floor 5,503,M
14f2f52f-e40b-4c15-948c-6398fc1519fa,01:45:38,MotionDetect,True,Motion,100,80,Floor 5,503,MTH
7de3a276-424f-453c-a95c-6ddad40ca438,01:45:55,MotionDetect,True,Motion,100,66,Floor 5,503,M
602cb5a1-0c50-4195-935f-3016e31065e4,01:46:07,MotionDetect,False,Motion,100,46,Floor 5,503,M
5aa0f1a4-8fe6-471c-a1e2-b67b91e5b1d5,01:48:14,MotionDetect,True,Motion,100,36,Floor 5,503,M
1ba4d260-91c2-4e97-a661-90e1a4c12a42,01:48:18,MotionDetect,True,Motion,100,78,Floor 5,503,MTH
7c23274f-a5b3-42cd-833c-4d739ddbad34,01:48:26,MotionDetect,False,Motion,100,66,Floor 5,503,M
6e25fcc0-d963-4651-b5a4-dee73a619b90,01:53:14,MotionDetect,True,Motion,100,81,Floor 5,503,MTH
df8f418c-7df7-45bd-90b9-58c93f43132d,01:54:41,MotionDetect,False,Motion,100,69,Floor 5,503,M
b0bc196e-db0e-45f3-b1a1-a53afbf5eedc,02:08:04,MotionDetect,False,Motion,100,79,Floor 5,503,MTH
e6d4a74c-c8ff-44c2-a3de-bded48f58d76,02:13:16,MotionDetect,True,Motion,100,79,Floor 5,503,MTH
813d961b-0bd6-48c7-942b-cc17b27fe65c,02:25:39,MotionDetect,True,Motion,100,83,Floor 5,503,MTH
a8959a58-502d-4837-b52e-93a5e8cc8fb7,02:25:40,MotionDetect,True,Motion,100,67,Floor 5,503,M
b85db48b-30da-4d6c-b7fe-4667973e3002,02:25:53,MotionDetect,False,Motion,100,46,Floor 5,503,M
82cb4351-6cbe-4799-987c-79dc562e27b2,02:27:19,MotionDetect,True,Motion,100,82,Floor 5,503,MTH
9cef504d-3099-4587-94ad-cccd222b1c89,02:27:28,MotionDetect,True,Motion,100,68,Floor 5,503,M
58ea8378-1c77-462c-9a9e-9926aab3c9c9,02:27:40,MotionDetect,False,Motion,100,61,Floor 5,503,M
984920f4-9372-4105-ac79-d49899a2de7f,02:28:20,MotionDetect,True,Motion,100,68,Floor 5,503,M
ef6543c7-42e2-48bc-8585-df3d30809be6,02:28:26,MotionDetect,True,Motion,100,79,Floor 5,503,MTH
e142ffa9-068f-4237-b3a8-0599539c4e40,02:28:32,MotionDetect,False,Motion,100,67,Floor 5,503,M
fb2adb97-f6bf-4f40-a86e-d3775ba20754,02:29:34,MotionDetect,True,Motion,100,61,Floor 5,503,M
77049231-c2af-46c7-b49c-23295597b0c8,02:29:38,MotionDetect,True,Motion,100,84,Floor 5,503,MTH
bf313279-7b74-4e42-aefc-b7cf0eb83d0d,02:29:46,MotionDetect,False,Motion,100,66,Floor 5,503,M
c9b2d2a2-a630-4717-8e9d-d7046f631381,02:36:33,DoorData,True,Door Position,100,82,Floor 5,503,D
d0ff1ae0-25dc-4125-aca2-8755998a465b,02:44:21,MotionDetect,True,Motion,100,82,Floor 5,503,MTH
df394038-908a-4dd2-82de-25fdbac979f6,02:44:30,MotionDetect,True,Motion,100,65,Floor 5,503,M
98189774-b786-4931-b92c-28f2b7270a74,02:44:44,MotionDetect,False,Motion,100,63,Floor 5,503,M
3fa7d6b8-9a17-4d5b-a5f4-accfa4333c3f,02:46:56,MotionDetect,True,Motion,100,66,Floor 5,503,M
81b142b8-48fd-4bcd-a246-918ce7c9369b,02:47:02,MotionDetect,True,Motion,100,81,Floor 5,503,MTH
ca83445a-86d1-4001-bb1e-54208c3afba2,02:47:10,MotionDetect,False,Motion,100,66,Floor 5,503,M
13d864b4-eb29-4700-aa03-8aaa897cf507,03:02:26,DoorData,True,Door Position,100,84,Floor 5,503,D
f646d4f8-a908-4886-8d40-b2c28abd30aa,03:09:21,DoorData,True,Door Position,100,80,Floor 5,503,D
59382f9d-2d60-49b7-a0af-2f90587de077,03:19:24,MotionDetect,True,Motion,100,80,Floor 5,503,MTH
b226a83a-0a9a-45e9-89e9-cf1247f6f8cf,03:25:28,MotionDetect,True,Motion,100,82,Floor 5,503,MTH
6e74ab9b-fd33-4c35-bc4b-96d66406da58,03:35:24,MotionDetect,True,Motion,100,74,Floor 5,503,MTH
fc84e46d-de7f-4429-888c-dad4af94aa5d,03:36:24,MotionDetect,True,Motion,100,67,Floor 5,503,M
65844234-6bc2-4241-86d7-d6418b78c1e9,03:36:36,MotionDetect,False,Motion,100,55,Floor 5,503,M
212c6a82-30aa-4d4d-a3d8-c4ab98d4584f,03:37:16,MotionDetect,True,Motion,100,46,Floor 5,503,M
6ea861b8-6e30-413b-9f6f-3bb19a3efc02,03:37:21,MotionDetect,True,Motion,100,82,Floor 5,503,MTH
e2a316a5-f96a-437c-b487-0276ba48ea1f,03:37:30,MotionDetect,False,Motion,100,67,Floor 5,503,M
4bbdcf31-091c-4119-8372-9c36d982639d,03:43:44,MotionDetect,True,Motion,100,81,Floor 5,503,MTH
f7d21053-13bb-4a1e-86b7-f3645d30245a,03:43:49,MotionDetect,True,Motion,100,68,Floor 5,503,M
efd56237-7279-4ebe-a32b-9b52e7619037,03:44:00,MotionDetect,False,Motion,100,65,Floor 5,503,M
c6a1ac91-61c6-4b26-bf47-596b9cad9122,03:48:27,MotionDetect,False,Motion,100,65,Floor 5,503,M
e75456b3-0716-450b-8939-e26f5704170e,03:52:27,MotionDetect,True,Motion,100,80,Floor 5,503,MTH
97593cee-18c1-482c-9d18-f6cc7d78e817,03:52:33,MotionDetect,True,Motion,100,66,Floor 5,503,M
c0fdb690-8bab-4382-a7e8-8b2f6ec9fd64,03:52:45,MotionDetect,False,Motion,100,65,Floor 5,503,M
64e6a23a-23e4-40ae-ae9d-f37c1e1b1eeb,03:54:59,MotionDetect,True,Motion,100,66,Floor 5,503,M
aabaf31b-3a87-4b64-8714-884f27fc35b5,04:04:39,MotionDetect,True,Motion,100,78,Floor 5,503,MTH
bd1d715e-9293-4c85-b0fd-64cac69977df,04:05:03,MotionDetect,True,Motion,100,66,Floor 5,503,M
c6ec12a6-c87b-4ffe-a214-93ab60dda0b0,04:05:15,MotionDetect,False,Motion,100,66,Floor 5,503,M
26f6f6c9-5990-4401-a038-2bc854879989,04:05:36,MotionDetect,True,Motion,100,66,Floor 5,503,M
52612255-815c-4b69-9faf-3a1defe82668,04:05:52,MotionDetect,False,Motion,100,61,Floor 5,503,M
56a29609-de5f-4300-9562-81d99d8f537c,04:05:55,MotionDetect,True,Motion,100,83,Floor 5,503,MTH
9f03916e-c432-4730-907f-8184fbc1e738,04:05:58,MotionDetect,True,Motion,100,22,Floor 5,503,M
45c465a1-a726-4c82-8941-7cdce0e9cf5c,04:06:09,MotionDetect,False,Motion,100,63,Floor 5,503,M
c069ac74-5ea0-4636-a986-e0572f4a9ab9,04:06:51,MotionDetect,True,Motion,100,41,Floor 5,503,M
d75905ef-813f-41e2-a12d-3aca903c27c0,04:07:05,MotionDetect,True,Motion,100,77,Floor 5,503,MTH
ff92dc40-ee33-4af9-8dba-80bb7364d373,04:07:14,MotionDetect,False,Motion,100,41,Floor 5,503,M
a46b4cad-ee60-4bf8-aac3-52adc5ebba41,04:11:15,MotionDetect,True,Motion,100,64,Floor 5,503,M
cbd5f1dd-35cb-46b7-aa18-d92b129d8900,04:11:19,MotionDetect,True,Motion,100,80,Floor 5,503,MTH
bfc1d5b4-29e5-4532-a312-3e4c07e10812,04:11:27,MotionDetect,False,Motion,100,43,Floor 5,503,M
0b2aee0d-94fc-4b95-b2a2-c6aab096d03c,04:36:35,DoorData,True,Door Position,100,82,Floor 5,503,D
69390d79-2459-4b06-93aa-b23da1f151dc,04:47:01,MotionDetect,False,Motion,100,82,Floor 5,503,MTH
382a08e9-dd83-430d-8b71-683c76afd2aa,04:47:09,MotionDetect,False,Motion,100,50,Floor 5,503,M
ecdfa55b-82d3-4fba-925d-39e9ad5274a1,05:02:26,DoorData,True,Door Position,100,86,Floor 5,503,D
419a6124-8505-4bd0-ba2a-e6fff55691c6,05:09:20,DoorData,True,Door Position,100,85,Floor 5,503,D
578c5ab8-7535-4699-966b-141923ee0f63,05:33:00,MotionDetect,True,Motion,100,83,Floor 5,503,MTH
9c02f39c-64d0-438f-8596-83fdc70bb55f,05:33:11,MotionDetect,True,Motion,100,67,Floor 5,503,M
fcc2813c-bcbc-430c-951a-80e6120ad65f,05:33:22,MotionDetect,False,Motion,100,63,Floor 5,503,M
3a6b4fe3-8beb-4e04-b50d-d00f728404b7,05:34:51,MotionDetect,True,Motion,100,66,Floor 5,503,M
0c7d7e0d-235c-47b3-9d10-85d85a41f6fa,05:34:55,MotionDetect,True,Motion,100,82,Floor 5,503,MTH
92c5e0c4-c715-48c9-9f3d-81a326124cca,05:35:03,MotionDetect,False,Motion,100,68,Floor 5,503,M
5604840a-25bb-4e59-a257-eca603529b73,05:59:33,MotionDetect,True,Motion,100,84,Floor 5,503,MTH
a889d45a-aa53-4be7-9e06-47de32372af5,06:11:28,MotionDetect,False,Motion,100,46,Floor 5,503,M
326ed861-ba06-4f26-b8cc-f5f2f1b45ef7,06:33:43,MotionDetect,True,Motion,100,84,Floor 5,503,MTH
65cb5e6d-0900-44ee-b063-68c9fbf5b432,06:36:36,DoorData,True,Door Position,100,82,Floor 5,503,D
2b9e7664-0783-4af6-9305-9887bd8dc168,06:37:41,MotionDetect,True,Motion,100,82,Floor 5,503,MTH
1f62463d-2883-4b47-8e3e-42e9cf2fe879,06:44:04,MotionDetect,True,Motion,100,79,Floor 5,503,MTH
d816e290-2e0a-4319-94d1-13e018440535,06:44:22,MotionDetect,True,Motion,100,14,Floor 5,503,M
0c9b8eaa-4f05-4876-94ea-dcc6bc790691,06:44:33,MotionDetect,False,Motion,100,69,Floor 5,503,M
8e5455d1-a92f-4f44-9a11-28b0a2a40114,06:45:58,MotionDetect,True,Motion,100,81,Floor 5,503,MTH
8e5f19c0-ec4b-42b9-a5aa-9f261d1c1d7f,06:46:03,MotionDetect,True,Motion,100,43,Floor 5,503,M
40cc9b6b-ff3c-46cf-b8ee-757b19fbfa44,06:46:15,MotionDetect,False,Motion,100,66,Floor 5,503,M
84f6ede6-52f6-4caf-9936-22fe1fcf9a4c,06:55:38,MotionDetect,True,Motion,100,80,Floor 5,503,MTH
f2dd6a76-8f12-4612-81bf-cd88c41677b7,06:55:51,MotionDetect,True,Motion,100,66,Floor 5,503,M
78c8748e-a27d-400b-b72b-9e7e77d22d7a,06:56:02,MotionDetect,False,Motion,100,66,Floor 5,503,M
83af65d2-aac7-40ce-94a6-4f21bbb2dad0,06:57:53,MotionDetect,True,Motion,100,81,Floor 5,503,MTH
005c9b7e-1e6d-4a4d-affc-2d1d633a03f4,07:02:26,DoorData,True,Door Position,100,82,Floor 5,503,D
642ed2a2-7ec9-4c14-b56f-d23a190e386e,07:04:55,MotionDetect,True,Motion,100,82,Floor 5,503,MTH
c800beb8-a3c6-49a2-aa27-926a985bef34,07:04:56,MotionDetect,True,Motion,100,66,Floor 5,503,M
0c611cda-218d-4c59-90b8-99e6d706d5d7,07:05:06,MotionDetect,False,Motion,100,61,Floor 5,503,M
2b423e34-3fe4-4e4d-b2a2-d4cdfba7718a,07:05:14,MotionDetect,True,Motion,100,67,Floor 5,503,M
d89ed3c0-4414-4612-85e3-39e84e8226a3,07:05:20,MotionDetect,False,Motion,100,53,Floor 5,503,M
a86f84e0-7f16-4dd8-9513-0a35b18bd7a8,07:06:41,MotionDetect,True,Motion,100,83,Floor 5,503,MTH
93ded631-1c89-4d72-991b-a56ef09344f4,07:07:43,MotionDetect,True,Motion,100,79,Floor 5,503,MTH
8c5b0f11-94ef-4265-86b4-2bf60392f21e,07:07:49,MotionDetect,True,Motion,100,67,Floor 5,503,M
407946d1-827c-4b89-9b01-e7cb87b038a6,07:08:10,MotionDetect,False,Motion,100,60,Floor 5,503,M
9d7b7c76-1add-48c5-ba3d-9568a1fce7c5,07:08:28,MotionDetect,True,Motion,100,63,Floor 5,503,M
18f29782-dcca-427a-a74d-c573f78ed3d7,07:08:43,MotionDetect,False,Motion,100,62,Floor 5,503,M
475128bb-356f-4d67-afd0-5cc3ecd318cd,07:09:05,MotionDetect,True,Motion,100,83,Floor 5,503,MTH
445ab965-efd6-49da-be09-14abaad09d83,07:09:21,MotionDetect,True,Motion,100,66,Floor 5,503,M
b53af5e8-0347-406c-a9b6-b02399776789,07:09:22,DoorData,True,Door Position,100,86,Floor 5,503,D
ca1c29b3-f6da-49d0-8af9-57dc25acac72,07:09:29,MotionDetect,False,Motion,100,64,Floor 5,503,M
944387a4-ef59-4935-94e6-d7abe0f55160,07:09:33,MotionDetect,True,Motion,100,67,Floor 5,503,M
eb61f8d2-3dc0-4e8a-a000-805b8970620c,07:09:41,MotionDetect,False,Motion,100,66,Floor 5,503,M
fb1b90d1-855c-4ce3-995a-1bef90d6aacc,07:11:39,MotionDetect,True,Motion,100,82,Floor 5,503,MTH
f4568cf4-2238-46b6-b61d-89d4ef99322d,07:11:41,MotionDetect,True,Motion,100,67,Floor 5,503,M
87c3be20-652f-42db-b057-e933a63fa275,07:11:59,MotionDetect,False,Motion,100,60,Floor 5,503,M
7cbf4925-dbe1-443b-8db2-b2eed4cc3eec,07:12:16,MotionDetect,True,Motion,100,80,Floor 5,503,MTH
7b283669-d5d2-453f-9955-f4baa2d9c78b,07:12:22,MotionDetect,True,Motion,100,66,Floor 5,503,M
1066bb3b-3ffe-4b5c-b63b-2d0c2e1989e9,07:12:33,MotionDetect,False,Motion,100,68,Floor 5,503,M
67f6783c-78d3-49e5-820c-e5d8ebfc38b6,07:12:50,MotionDetect,True,Motion,100,82,Floor 5,503,MTH
11bc3546-6637-4ce1-a213-172bb380e8ba,07:12:52,MotionDetect,True,Motion,100,61,Floor 5,503,M
ab21ef3e-f7ec-45ab-8981-cac04d859fe6,07:13:06,MotionDetect,False,Motion,100,61,Floor 5,503,M
32a6d632-7bed-4a16-ad0f-55869d2b7ae5,07:13:30,MotionDetect,True,Motion,100,80,Floor 5,503,MTH
a7a60799-3477-4891-9346-80b732d09c3a,07:13:33,MotionDetect,True,Motion,100,63,Floor 5,503,M
466f143f-3391-4725-9d68-facc8aee3939,07:13:34,MotionDetect,True,Motion,100,83,Floor 5,503,MTH
5e8919fd-2df4-48fd-898a-2bbfcaf2719b,07:13:45,MotionDetect,False,Motion,100,55,Floor 5,503,M
1cb09ba8-6e7c-448e-83e5-453b5de5e505,07:16:00,MotionDetect,True,Motion,100,80,Floor 5,503,MTH
f71eefc0-0c95-4364-b157-8547d7e8c05e,07:17:02,MotionDetect,True,Motion,100,82,Floor 5,503,MTH
52e88764-f2bb-436b-a590-b135a6062ea7,07:18:20,MotionDetect,True,Motion,100,81,Floor 5,503,MTH
a39d4210-077f-43c3-bf9c-05867cc4f304,07:19:28,MotionDetect,True,Motion,100,80,Floor 5,503,MTH
222313f4-e9b6-49c7-99b6-1a3a319ebedd,07:30:25,MotionDetect,True,Motion,100,84,Floor 5,503,MTH
93bac9ee-4ba6-4b1b-8104-b8248bf69efb,07:31:42,MotionDetect,True,Motion,100,82,Floor 5,503,MTH
b8e4f43b-6348-4cfd-b206-65369616cf3c,07:32:27,MotionDetect,True,Motion,100,83,Floor 5,503,MTH
2e7e871a-1088-4128-b256-2f23ca606656,07:32:42,MotionDetect,True,Motion,100,62,Floor 5,503,M
71f8a9d8-00ec-4d08-97a4-6ba613266a58,07:32:55,MotionDetect,False,Motion,100,62,Floor 5,503,M
9fcd7c9a-782a-4be4-8487-fb332957beaf,07:33:19,MotionDetect,True,Motion,100,31,Floor 5,503,M
209e6ae6-68a9-4562-a488-8d014bf34aa1,07:33:34,MotionDetect,False,Motion,100,29,Floor 5,503,M
e95e2d90-413d-4afa-ba09-e6bf9361e7c7,07:41:31,MotionDetect,True,Motion,100,50,Floor 5,503,M
924eeaf0-3112-4f25-923a-0ab95a683b78,07:41:33,MotionDetect,True,Motion,100,78,Floor 5,503,MTH
2d974daa-44d3-4bbc-b667-3453cfc3497c,07:41:42,MotionDetect,False,Motion,100,36,Floor 5,503,M
1316ca57-eab7-4a1d-aa68-3b5f1ad6c4e3,07:41:46,MotionDetect,True,Motion,100,46,Floor 5,503,M
23297900-fe3c-4b87-9fc7-8c74f4e9ca7b,07:41:59,MotionDetect,False,Motion,100,58,Floor 5,503,M
153198e4-fbd3-4053-bd6d-f669af24c9d0,07:42:08,MotionDetect,True,Motion,100,60,Floor 5,503,M
0903b091-3ba7-4e12-aa29-328b1e3e9457,07:42:22,MotionDetect,False,Motion,100,41,Floor 5,503,M
00311506-992e-4861-9752-fbbf9c6c161e,07:49:36,MotionDetect,True,Motion,100,82,Floor 5,503,MTH
7a8669c4-f7e1-4b97-a84f-1d34a7a80a36,07:51:54,MotionDetect,True,Motion,100,81,Floor 5,503,MTH
1f778c95-7571-4ada-ba09-89ee11628356,07:52:02,MotionDetect,True,Motion,100,0,Floor 5,503,M
4a4308a6-f45a-443e-9777-902db910c2b4,07:52:29,MotionDetect,False,Motion,100,58,Floor 5,503,M
d52a6b5b-cd8f-4e18-92fc-6270225dc9b9,07:54:22,MotionDetect,True,Motion,100,53,Floor 5,503,M
62142776-43cc-45c1-9ee4-45058f541185,07:54:29,MotionDetect,True,Motion,100,80,Floor 5,503,MTH
c2f85c85-c589-423e-805a-d2811526e4f7,07:54:38,MotionDetect,False,Motion,100,61,Floor 5,503,M
e2461801-6f8c-47dc-9543-7f63d32474bb,07:54:42,MotionDetect,True,Motion,100,58,Floor 5,503,M
77153631-f4d1-4c96-b5cf-651cf5a0d086,07:54:52,MotionDetect,False,Motion,100,46,Floor 5,503,M
bca3ba4c-9f26-4fcd-a7d0-d20a1ffc286a,07:55:05,MotionDetect,True,Motion,100,60,Floor 5,503,M
5756e34d-3b98-47c6-b3d8-088d0ab890f0,07:55:16,MotionDetect,False,Motion,100,55,Floor 5,503,M
e1823123-792f-426a-857f-2cecb7685c21,07:55:36,MotionDetect,True,Motion,100,84,Floor 5,503,MTH
d9dae4a6-cccd-488c-b80d-ada1c44ff813,07:55:42,MotionDetect,True,Motion,100,41,Floor 5,503,M
3818bc91-e0ca-4df3-9a8a-77a7912787f6,07:55:49,MotionDetect,False,Motion,100,19,Floor 5,503,M
940e59fb-d233-4f3b-94c1-77fd53add68f,07:56:16,MotionDetect,True,Motion,100,58,Floor 5,503,M
c11d09cc-c283-4773-8647-306fd9c48028,07:56:36,MotionDetect,False,Motion,100,53,Floor 5,503,M
79fef5a3-497b-4a8e-8510-4f096032a21a,07:57:21,MotionDetect,True,Motion,100,84,Floor 5,503,MTH
21473948-9c66-46e6-9eb4-5cbf8e8a6a47,07:57:33,MotionDetect,True,Motion,100,50,Floor 5,503,M
6860ad87-c6b8-44ec-82b1-19663783e190,07:57:42,MotionDetect,False,Motion,100,60,Floor 5,503,M
a162c5d9-a303-4ce1-846b-fc4935aa7e64,07:58:30,MotionDetect,True,Motion,100,79,Floor 5,503,MTH
16f11632-07d6-46f5-b936-a0bc20e58758,07:58:37,MotionDetect,True,Motion,100,60,Floor 5,503,M
38ac0241-7251-4205-803f-efa6400e4aa1,07:58:54,MotionDetect,False,Motion,100,48,Floor 5,503,M
04a64379-1281-42d8-891d-707348d7f450,07:59:16,MotionDetect,True,Motion,100,64,Floor 5,503,M
e2feaaf1-3106-46df-ace7-66b360be2157,07:59:20,MotionDetect,True,Motion,100,82,Floor 5,503,MTH
9b65505a-8522-47d1-960c-8c2480312db2,07:59:26,MotionDetect,False,Motion,100,46,Floor 5,503,M
a7062a4b-f7ea-4b96-9f4e-f7f6e1d9f568,07:59:39,MotionDetect,True,Motion,100,81,Floor 5,503,MTH
f818c7ba-262a-41f5-8a92-4b0b0fd5704d,08:00:14,MotionDetect,True,Motion,100,58,Floor 5,503,M
a7f97f60-ffdb-45db-b10f-84a2d9a51c26,08:00:24,MotionDetect,False,Motion,100,65,Floor 5,503,M
7e9b5cc7-a365-4e75-baa2-50cd445870f2,08:00:35,MotionDetect,True,Motion,100,48,Floor 5,503,M
8872c02e-2fb6-4d90-b9d8-4683df079375,08:00:50,MotionDetect,False,Motion,100,29,Floor 5,503,M
f52fe113-7aa6-49ca-8c99-949ecba7d33f,08:01:00,MotionDetect,True,Motion,100,61,Floor 5,503,M
0e12b252-4414-41b5-9b7c-9e4c48a95b44,08:01:06,MotionDetect,False,Motion,100,53,Floor 5,503,M
56de6b6d-053f-4010-9dcd-54483b9e70fc,08:04:11,MotionDetect,True,Motion,100,81,Floor 5,503,MTH
377f3999-ffa7-4ddf-bfe0-99299e9612d8,08:05:08,MotionDetect,True,Motion,100,65,Floor 5,503,M
11d2cc2d-6473-4b38-9f60-3e8720c346b8,08:05:18,MotionDetect,False,Motion,100,60,Floor 5,503,M
624a0605-b796-4aae-b616-72f957e718a2,08:05:29,MotionDetect,True,Motion,100,46,Floor 5,503,M
118dc477-ea1e-4d90-81de-4c3da978a4b1,08:05:32,MotionDetect,True,Motion,100,85,Floor 5,503,MTH
28635de4-eafa-466f-aa0c-b47a24f3a912,08:05:41,MotionDetect,False,Motion,100,61,Floor 5,503,M
e5e6ad7b-dd01-4d0d-8e0d-c45850af7a92,08:06:13,MotionDetect,True,Motion,100,68,Floor 5,503,M
e6f9f702-e3d0-4ae1-a105-cadca2ec83ed,08:06:17,MotionDetect,True,Motion,100,82,Floor 5,503,MTH
29c78a6c-3d06-4152-acc1-61db6b496b3b,08:06:23,MotionDetect,False,Motion,100,67,Floor 5,503,M
b6f30fd2-6d67-4e4e-83ea-9efb91db5b56,08:06:33,MotionDetect,True,Motion,100,66,Floor 5,503,M
2496ae14-7f0f-4f66-81ec-3ffbfb7bbb53,08:06:37,MotionDetect,True,Motion,100,67,Floor 5,503,M
20329814-344c-4773-a90d-dba9890b2998,08:06:41,MotionDetect,True,Motion,100,78,Floor 5,503,MTH
5e9279d5-ffde-4724-9be9-b7c1a4e13840,08:06:44,MotionDetect,False,Motion,100,66,Floor 5,503,M
e54e2336-82b2-44b0-9150-79aa29374499,08:06:48,MotionDetect,False,Motion,100,67,Floor 5,503,M
4efffd42-d2f3-46c9-86dc-07ffbd7af49c,08:07:13,MotionDetect,True,Motion,100,67,Floor 5,503,M
c09da796-f9d5-4432-ae65-a3ca93276dcc,08:07:18,MotionDetect,True,Motion,100,81,Floor 5,503,MTH
196ae0f3-fec5-4c00-aee6-9c7537250642,08:07:23,MotionDetect,True,Motion,100,79,Floor 5,503,MTH
b94fb2bc-6dc9-4574-83df-43f5878f3c6d,08:07:26,MotionDetect,False,Motion,100,36,Floor 5,503,M
651b4619-677f-4789-b67f-8389ff64cfe9,08:07:42,MotionDetect,True,Motion,100,66,Floor 5,503,M
7ea6e8dc-c07d-498b-95b2-5d4332261b27,08:07:46,MotionDetect,True,Motion,100,81,Floor 5,503,MTH
aa2e7742-a0ca-43ad-b8cb-b2398170b373,08:07:51,MotionDetect,True,Motion,100,62,Floor 5,503,M
38381250-af34-4ade-94fe-2829b0b04bea,08:07:52,MotionDetect,False,Motion,100,46,Floor 5,503,M
7b45195c-8ade-460a-9bd8-fb8b46c8ad40,08:08:00,MotionDetect,False,Motion,100,65,Floor 5,503,M
135f9777-b514-4055-b9a7-923b39823189,08:08:07,MotionDetect,True,Motion,100,62,Floor 5,503,M
feb6f1cd-4632-4952-a70a-de4c57c51d07,08:08:18,MotionDetect,False,Motion,100,67,Floor 5,503,M
5b7414c0-f896-4816-afd2-bce9e246afc3,08:08:18,MotionDetect,True,Motion,100,61,Floor 5,503,M
98ad7b1d-65bb-4bca-b654-67ce39a5a15d,08:08:21,MotionDetect,True,Motion,100,55,Floor 5,503,M
13894ebd-5050-4290-8456-1cdd68cfa41e,08:08:30,MotionDetect,False,Motion,100,61,Floor 5,503,M
bfeb05ac-9599-4a04-9e33-4e13163ac1a5,08:08:31,MotionDetect,False,Motion,100,66,Floor 5,503,M
a3bd94a6-0dcc-4674-ae28-efeda4f92879,08:08:31,MotionDetect,True,Motion,100,60,Floor 5,503,M
d45d1e8e-e997-4b6e-8041-bafbd8cded31,08:08:51,MotionDetect,False,Motion,100,55,Floor 5,503,M
85320f17-d93b-4b85-83b4-e769c96d0f04,08:08:53,MotionDetect,True,Motion,100,65,Floor 5,503,M
9bf0b46a-5feb-461f-9955-1563dc57a108,08:08:59,MotionDetect,True,Motion,100,79,Floor 5,503,MTH
38bd3de2-1bc7-4b4a-989b-28b40d1b232b,08:09:03,MotionDetect,False,Motion,100,66,Floor 5,503,M
11922dcf-406f-4f47-bf12-92ed1bcabca5,08:09:11,MotionDetect,True,Motion,100,82,Floor 5,503,MTH
10b729f8-db8b-4540-8e17-78b248188950,08:10:11,MotionDetect,True,Motion,100,83,Floor 5,503,MTH
386aa064-063c-4a6f-8fd8-6b24234b865e,08:10:32,MotionDetect,True,Motion,100,84,Floor 5,503,MTH
727bba32-ad8a-40a8-b914-60183f21cda6,08:11:35,MotionDetect,True,Motion,100,82,Floor 5,503,MTH
649fd2db-8c64-40b3-92b1-352c7d56f838,08:12:36,MotionDetect,True,Motion,100,78,Floor 5,503,MTH
a20c3063-9d21-457c-8a4a-a853d6952cc1,08:13:22,MotionDetect,True,Motion,100,50,Floor 5,503,M
8d38b82f-d739-43bd-acc1-fd9b2ba6c389,08:13:30,MotionDetect,True,Motion,100,66,Floor 5,503,M
0e79834a-ea6b-481f-b709-142870e2d1e5,08:13:31,MotionDetect,False,Motion,100,46,Floor 5,503,M
34fefe5f-d4a3-4f9a-8419-c4c664cfd783,08:13:34,MotionDetect,True,Motion,100,80,Floor 5,503,MTH
7dd524b0-804a-42bf-b584-e644ded28c97,08:13:41,MotionDetect,True,Motion,100,82,Floor 5,503,MTH
c3e97a60-97bb-42cb-94ea-d32f09901acf,08:13:44,MotionDetect,False,Motion,100,34,Floor 5,503,M
3c341257-33d0-436f-bfdb-d311a2d94e45,08:13:56,MotionDetect,True,Motion,100,67,Floor 5,503,M
3f7ee4f1-bce3-4647-8f81-6ed56ecb1901,08:14:07,MotionDetect,False,Motion,100,46,Floor 5,503,M
dbfef941-897c-4e03-8808-80bb92ee032c,08:14:08,MotionDetect,True,Motion,100,85,Floor 5,503,MTH
87f37037-7ef4-460c-94e7-fe0c457c49a9,08:14:14,MotionDetect,True,Motion,100,66,Floor 5,503,M
506889e5-d7b7-4e83-97d1-3d21d0ccd145,08:14:21,MotionDetect,False,Motion,100,65,Floor 5,503,M
54f3f6c7-8035-4da9-b30b-f64e7864d990,08:14:25,MotionDetect,True,Motion,100,68,Floor 5,503,M
5d1c5f05-d3d9-4917-810c-052d5230a996,08:14:33,MotionDetect,False,Motion,100,66,Floor 5,503,M
5d9e39e8-fc22-401e-9043-913d3ed867da,08:14:39,MotionDetect,True,Motion,100,60,Floor 5,503,M
122c859d-28da-49eb-a4d8-494741e22190,08:14:45,MotionDetect,False,Motion,100,62,Floor 5,503,M
b1618b3d-a235-475e-af49-b3adb215b672,08:14:49,MotionDetect,True,Motion,100,60,Floor 5,503,M
63ea51cc-d16b-4192-8ab0-97d04e6d9fda,08:15:05,MotionDetect,False,Motion,100,48,Floor 5,503,M
e93dfd44-da19-46c4-9045-d291714ebc58,08:15:19,MotionDetect,True,Motion,100,81,Floor 5,503,MTH
391b1534-8c2b-4282-9d96-e39daedcb20a,08:15:56,MotionDetect,True,Motion,100,68,Floor 5,503,M
cbd656be-3f47-4d91-ba8f-6b2df494a95e,08:16:05,MotionDetect,False,Motion,100,64,Floor 5,503,M
ac50a838-488c-4455-b622-83372464f9b4,08:16:10,MotionDetect,True,Motion,100,48,Floor 5,503,M
57ef37b2-14b0-4d00-8d41-09a46aa3fdb1,08:16:11,MotionDetect,True,Motion,100,77,Floor 5,503,MTH
96864558-ed98-4e47-a6aa-d78b84e9cff3,08:16:17,MotionDetect,False,Motion,100,64,Floor 5,503,M
0dcae6a4-f805-4d28-a2da-2c382ad8688c,08:16:19,MotionDetect,True,Motion,100,58,Floor 5,503,M
0ee13069-4f6d-43fb-b84e-c43a365407f1,08:16:21,MotionDetect,True,Motion,100,85,Floor 5,503,MTH
eeda182f-bc0d-4e5a-a210-6f82499e7d39,08:16:30,MotionDetect,False,Motion,100,63,Floor 5,503,M
e98b2bbc-c5a7-4a36-be49-bae68f7b97fb,08:16:33,MotionDetect,True,Motion,100,79,Floor 5,503,MTH
342414b2-f30d-4147-bb33-47cdbebe6ed4,08:17:40,MotionDetect,True,Motion,100,85,Floor 5,503,MTH
aa3f8386-b7c2-45f1-baab-0137e90c523c,08:17:44,MotionDetect,True,Motion,100,78,Floor 5,503,MTH
6540292f-fd9b-446a-86e9-3d37d711121c,08:18:04,MotionDetect,True,Motion,100,85,Floor 5,503,MTH
2de4f3b2-e0a5-47eb-a48a-e08344a15c30,08:18:46,MotionDetect,True,Motion,100,85,Floor 5,503,MTH
0428ae80-c216-4625-923f-1982c61c36f3,08:18:59,MotionDetect,True,Motion,100,78,Floor 5,503,MTH
67484d85-25f9-47e6-80c4-d3d305a706d2,08:19:04,MotionDetect,True,Motion,100,53,Floor 5,503,M
62c3b01f-6d3f-493d-ad3f-3b504f07c9df,08:19:14,MotionDetect,False,Motion,100,65,Floor 5,503,M
fee64e27-4b66-4eb3-a5d2-24f88926535a,08:19:22,MotionDetect,True,Motion,100,63,Floor 5,503,M
6c922dfb-9aee-4ba8-9416-df4796b4a0e7,08:19:29,MotionDetect,True,Motion,100,85,Floor 5,503,MTH
aca3e675-c8dc-4f08-bfca-5930dac3b8b7,08:19:33,MotionDetect,False,Motion,100,64,Floor 5,503,M
5aca37a4-636a-4759-8280-82048fbc348e,08:19:40,MotionDetect,True,Motion,100,63,Floor 5,503,M
af036d3d-dcd6-450b-9d22-02bd606cc75c,08:19:50,MotionDetect,False,Motion,100,65,Floor 5,503,M
b0aaf76a-a601-4dc7-a813-96b25f6285f9,08:20:10,MotionDetect,True,Motion,100,78,Floor 5,503,MTH
f35e8bf1-5e96-4392-aed5-bc1b2cc221ea,08:20:55,MotionDetect,True,Motion,100,82,Floor 5,503,MTH
48791f1e-bf52-4e5b-bfe6-41b9c18de264,08:21:19,MotionDetect,True,Motion,100,66,Floor 5,503,M
b9b7db12-950c-4fae-8780-925a1aaa133c,08:21:30,MotionDetect,False,Motion,100,66,Floor 5,503,M
10b857cf-617b-459d-bf98-eaf8198b3772,08:21:39,MotionDetect,True,Motion,100,81,Floor 5,503,MTH
f0c8e5e5-a35d-4034-a446-1bcf16b396f7,08:22:24,MotionDetect,True,Motion,100,80,Floor 5,503,MTH
6c19668e-7fb7-4c9f-855f-9ca4016400b2,08:22:40,MotionDetect,True,Motion,100,79,Floor 5,503,MTH
0f9bbea7-cba2-477b-b6d6-184bcc4b2f21,08:23:10,MotionDetect,True,Motion,100,60,Floor 5,503,M
05d331c9-4415-46bc-b834-216602acc983,08:23:28,MotionDetect,True,Motion,100,79,Floor 5,503,MTH
6b1ad696-5772-4a2c-88bd-11f09a57e1c9,08:23:33,MotionDetect,True,Motion,100,55,Floor 5,503,M
1fd17cfa-f74a-4eb8-b47f-d93e81016022,08:23:34,MotionDetect,True,Motion,100,75,Floor 5,503,MTH
0d127e70-2cf9-4488-8981-823cdb80f66c,08:23:38,MotionDetect,False,Motion,100,55,Floor 5,503,M
197028ed-2364-413b-a53a-47c7494408d8,08:23:49,MotionDetect,False,Motion,100,53,Floor 5,503,M
983e9241-33b2-4b8a-9811-efdb3deb4b26,08:23:50,MotionDetect,True,Motion,100,75,Floor 5,503,MTH
243a1745-eb9d-4f6c-ac8a-dfd08ea53591,08:24:21,MotionDetect,True,Motion,100,64,Floor 5,503,M
064a038e-2548-4797-9b86-b8a5ecb7a23f,08:24:32,MotionDetect,False,Motion,100,66,Floor 5,503,M
c7f02bcd-7c08-4b5f-8b93-38a7425167c8,08:24:43,MotionDetect,True,Motion,100,84,Floor 5,503,MTH
9a5076b7-5611-423b-b1f1-829bae4e216d,08:24:47,MotionDetect,True,Motion,100,62,Floor 5,503,M
9e537a67-abf9-4948-8aa9-830cf21b6eb0,08:24:52,MotionDetect,True,Motion,100,74,Floor 5,503,MTH
a3a933af-a2b5-473f-b784-415be984fb94,08:24:58,MotionDetect,False,Motion,100,46,Floor 5,503,M
1e3f735a-3d60-4abe-ac6b-b599e18c81ab,08:25:23,MotionDetect,True,Motion,100,82,Floor 5,503,MTH
d8cc4a5e-f34c-42cf-90b2-425bf17b2f8a,08:25:47,MotionDetect,True,Motion,100,67,Floor 5,503,M
24ca7d31-f122-41e0-88a4-b17be7993f17,08:25:57,MotionDetect,False,Motion,100,60,Floor 5,503,M
ae302f12-f35f-49d2-8981-38c9099e1860,08:26:10,MotionDetect,True,Motion,100,77,Floor 5,503,MTH
80398ab6-5fb0-4cf4-9162-44db08b978c4,08:26:10,MotionDetect,True,Motion,100,83,Floor 5,503,MTH
9d6504f4-522d-4132-877b-259e2c3cca04,08:26:31,MotionDetect,True,Motion,100,67,Floor 5,503,M
49b5effb-61fd-4849-b74f-e97faa856fc1,08:26:41,DoorData,False,Door Position,100,85,Floor 5,503,D
64880ec4-d054-4c9b-b6ba-1aaafe48f0b7,08:26:46,DoorData,True,Door Position,100,82,Floor 5,503,D
34b2b777-8560-4bb2-a5cc-7625aef420d5,08:26:51,MotionDetect,False,Motion,100,65,Floor 5,503,M
29efbfec-ff72-4de0-98b8-7f2ff618634f,08:27:09,MotionDetect,True,Motion,100,36,Floor 5,503,M
c795e2af-e462-4a2d-a99f-e49e9ad34af6,08:27:18,MotionDetect,False,Motion,100,64,Floor 5,503,M
fbc83ebc-2d81-448a-8c26-6a689f001c44,08:27:56,MotionDetect,True,Motion,100,84,Floor 5,503,MTH
e4fdaab4-2728-4b7c-8b90-c2015331a28a,08:28:30,MotionDetect,True,Motion,100,24,Floor 5,503,M
29b7c8e4-f3e4-4fa5-92e6-ab7d771efce0,08:28:41,MotionDetect,False,Motion,100,46,Floor 5,503,M
e89ffc56-77fe-43f3-8ac8-69c3193858ad,08:28:54,MotionDetect,True,Motion,100,26,Floor 5,503,M
09b311b1-6ef1-4c50-9f72-2d6e22b0703f,08:29:21,MotionDetect,True,Motion,100,82,Floor 5,503,MTH
766702d2-fdad-443b-b2da-accfa9a0a203,08:29:34,MotionDetect,False,Motion,100,43,Floor 5,503,M
19bf813e-1d37-40c4-abc9-5759fb89d09c,08:29:48,MotionDetect,True,Motion,100,61,Floor 5,503,M
0f077af6-1792-4e23-8cdf-0a7670a93578,08:29:58,MotionDetect,False,Motion,100,63,Floor 5,503,M
06078be8-04f2-4f0f-a6a3-b176192f153e,08:30:08,MotionDetect,True,Motion,100,62,Floor 5,503,M
1d8aa36b-9723-4353-b6f7-00689811de1b,08:30:19,MotionDetect,False,Motion,100,67,Floor 5,503,M
0cb24bbb-9404-4775-8dbc-7077dd61b3c5,08:30:44,MotionDetect,True,Motion,100,83,Floor 5,503,MTH
794dc261-647e-4fd2-ace7-b016d3ba1aff,08:31:10,MotionDetect,True,Motion,100,64,Floor 5,503,M
26525c7e-4359-424a-bb6c-6cf11f3f5088,08:31:10,DoorData,False,Door Position,100,82,Floor 5,503,D
82cf9077-283f-410b-9726-a5d82af315e8,08:31:14,DoorData,True,Door Position,100,85,Floor 5,503,D
109a0663-0dca-4df0-8c59-e7684f561b17,08:31:19,MotionDetect,True,Motion,100,82,Floor 5,503,MTH
242d2559-afd9-47c5-aeca-3d9778a14b77,08:31:24,MotionDetect,False,Motion,100,66,Floor 5,503,M
61061715-a0f6-417b-a711-a6fa6fd576c1,08:31:42,MotionDetect,True,Motion,100,67,Floor 5,503,M
64ceb15b-58a8-4cb8-9768-27f4c767d322,08:31:50,MotionDetect,True,Motion,100,82,Floor 5,503,MTH
6430955b-6c87-4eb0-9e43-12ad40c23326,08:31:57,MotionDetect,False,Motion,100,60,Floor 5,503,M
7915e0db-bafe-4c1b-a7b8-8ddca8427280,08:32:07,MotionDetect,True,Motion,100,60,Floor 5,503,M
c2bdc66c-0e1b-4a4c-a018-893bf2cdfd76,08:32:17,MotionDetect,False,Motion,100,58,Floor 5,503,M
4f0bbbeb-6468-4a54-8e4e-826d5087c967,08:32:39,MotionDetect,True,Motion,100,61,Floor 5,503,M
fb09cfc5-d7a2-46aa-a695-84b9455edec5,08:32:48,MotionDetect,True,Motion,100,82,Floor 5,503,MTH
16db1ae7-a7da-4e84-96c3-bd70dbdd0fde,08:32:53,MotionDetect,True,Motion,100,84,Floor 5,503,MTH
c80e55f3-e607-43b2-906d-94cdb7c8feec,08:33:12,MotionDetect,False,Motion,100,71,Floor 5,503,M
bbb41ecd-4a9a-4d0e-a25b-4755fc03da3f,08:33:20,MotionDetect,True,Motion,100,60,Floor 5,503,M
48938320-6e8a-4bc9-88e1-92de1e662f79,08:33:26,MotionDetect,False,Motion,100,53,Floor 5,503,M
42c25095-11ce-45f6-9f78-9da2b7e84fe7,08:34:06,MotionDetect,True,Motion,100,81,Floor 5,503,MTH
d134b857-5144-4c8a-a54a-89835e61dab8,08:34:07,MotionDetect,True,Motion,100,66,Floor 5,503,M
35ebfe56-6a62-4f9c-89a2-5e66e71cba8b,08:34:17,MotionDetect,False,Motion,100,61,Floor 5,503,M
2c9e25d7-dadf-49c1-b520-2a61fbed535f,08:34:25,MotionDetect,True,Motion,100,60,Floor 5,503,M
173ce278-5c55-41c1-9971-a8d3013b0549,08:34:31,MotionDetect,True,Motion,100,81,Floor 5,503,MTH
03df4da8-238d-40de-8bc5-f7469fdbd1dc,08:34:35,MotionDetect,False,Motion,100,55,Floor 5,503,M
f4db251d-7655-4c2f-b170-88d9b3e03370,08:34:53,MotionDetect,True,Motion,100,58,Floor 5,503,M
58d43fe5-6db3-490f-ae23-bd9af2246e75,08:35:05,MotionDetect,False,Motion,100,60,Floor 5,503,M
a362d68e-332a-4e99-86db-ca3e6bd59545,08:35:29,MotionDetect,True,Motion,100,43,Floor 5,503,M
acaba635-f498-4219-8da4-b7059c6e3c57,08:35:40,MotionDetect,False,Motion,100,67,Floor 5,503,M
6c032a05-74df-4e07-937a-17f97362fc9f,08:36:07,MotionDetect,True,Motion,100,81,Floor 5,503,MTH
780bd1e2-c9ea-4992-8c2f-c2cdd04ba647,08:36:10,MotionDetect,True,Motion,100,38,Floor 5,503,M
58bae63e-9450-4bfd-80c0-7c57b90ceb2e,08:36:22,MotionDetect,False,Motion,100,60,Floor 5,503,M
d70d3376-c041-4e0d-906c-49fbcff61043,08:36:30,MotionDetect,True,Motion,100,62,Floor 5,503,M
d1a54f18-8ebf-49be-88f9-20a7dfa1414f,08:36:32,MotionDetect,True,Motion,100,0,Floor 5,503,MTH
15c8805b-4f09-4ee8-bcee-f8e83f956169,08:36:32,DoorData,True,Door Position,100,83,Floor 5,503,D
a2d90d0d-f124-4acb-bb63-fb239a7d8dca,08:36:38,MotionDetect,True,Motion,100,55,Floor 5,503,M
14ed7194-a46c-4225-9125-ca2f6345be92,08:36:49,MotionDetect,False,Motion,100,64,Floor 5,503,M
834a7b3d-e162-48a2-84d1-df2f6a7c97eb,08:37:09,MotionDetect,False,Motion,100,62,Floor 5,503,M
bc81a977-5090-4b11-9130-9b4303a99e09,08:37:11,MotionDetect,True,Motion,100,83,Floor 5,503,MTH
97226855-d589-449f-8284-bf6d32ce7bf0,08:37:13,MotionDetect,True,Motion,100,81,Floor 5,503,MTH
cee800cf-17db-4748-8fe6-9a37da356767,08:37:39,MotionDetect,True,Motion,100,82,Floor 5,503,MTH
5a257e0b-d661-4c81-9c5a-4a2cfbdf30d4,08:37:42,MotionDetect,True,Motion,100,85,Floor 5,503,MTH
9d4da0c8-33eb-4479-8b59-b66f8f5e04e4,08:38:03,MotionDetect,True,Motion,100,58,Floor 5,503,M
682dcec8-499f-4cb7-9225-fbdd25a94584,08:38:15,MotionDetect,False,Motion,100,65,Floor 5,503,M
c8c52450-13e5-4631-9046-68c0839cef18,08:38:23,MotionDetect,True,Motion,100,60,Floor 5,503,M
60826c6f-c4b1-4e85-b2f5-3b8ae76bd0d9,08:38:34,MotionDetect,False,Motion,100,46,Floor 5,503,M
ab356e7c-85f2-485a-a297-39ce8ed1aaca,08:38:48,MotionDetect,True,Motion,100,78,Floor 5,503,MTH
e3a60e34-2cbe-4e98-8b42-691c518b7299,08:38:50,MotionDetect,True,Motion,100,66,Floor 5,503,M
a12b28ea-675c-42c0-9f0f-f941dba7d56d,08:39:12,MotionDetect,False,Motion,100,66,Floor 5,503,M
aabe5a82-e246-4eeb-b15e-dab56476e4b3,08:40:03,MotionDetect,True,Motion,100,83,Floor 5,503,MTH
24c4ee98-a455-4402-8ea2-1941691a5d47,08:40:08,MotionDetect,True,Motion,100,85,Floor 5,503,MTH
43ff9b02-fd6a-4d58-9315-b2cae1f8566e,08:40:08,MotionDetect,True,Motion,100,77,Floor 5,503,MTH
ac09ec8f-581b-4638-b9d0-e1476a64f30d,08:41:06,MotionDetect,True,Motion,100,68,Floor 5,503,M
94160b81-1ea8-42fb-b37b-d263c5ebc659,08:41:12,MotionDetect,True,Motion,100,81,Floor 5,503,MTH
89d1f509-3986-48e1-bf2e-934225ffc750,08:41:18,MotionDetect,True,Motion,100,79,Floor 5,503,MTH
38913586-bc13-4c3c-9751-750d1b4c1d3a,08:41:35,MotionDetect,False,Motion,100,67,Floor 5,503,M
5257dc0a-7e48-448e-a62d-f3da74e2a335,08:41:47,MotionDetect,True,Motion,100,82,Floor 5,503,MTH
04fae873-e2c8-4300-9251-4879d0e5dfaf,08:41:48,MotionDetect,True,Motion,100,63,Floor 5,503,M
5d97531c-e9c6-4797-83a3-004e4a595905,08:42:07,MotionDetect,True,Motion,100,43,Floor 5,503,M
48b666a4-7399-4f37-a538-afd11c5bae0e,08:42:11,MotionDetect,False,Motion,100,65,Floor 5,503,M
3a2d301b-84e1-4839-bdbd-9cf9e8cf09bc,08:42:14,MotionDetect,False,Motion,100,62,Floor 5,503,M
67eb9b78-809e-4e75-bbb7-883513aeb11b,08:42:18,MotionDetect,True,Motion,100,83,Floor 5,503,MTH
40c799cc-9cbd-4e2d-9f98-f22309c88399,08:42:22,MotionDetect,True,Motion,100,68,Floor 5,503,M
2c1eb80e-035b-4bcf-91bc-32d124296401,08:42:37,MotionDetect,True,Motion,100,81,Floor 5,503,MTH
ea4363c9-5187-448a-b610-805ae465e2c7,08:42:43,MotionDetect,False,Motion,100,63,Floor 5,503,M
3fa045f5-5a1f-46c5-93ad-6d8790da5052,08:42:49,MotionDetect,True,Motion,100,67,Floor 5,503,M
d23a5066-2080-44ed-bcff-368a141b8074,08:42:57,MotionDetect,False,Motion,100,50,Floor 5,503,M
0234e951-a512-479b-8df4-c27e8e07b80f,08:43:20,MotionDetect,True,Motion,100,43,Floor 5,503,M
d147467b-9ac3-47d8-a22c-54c3fb9f21b0,08:43:27,MotionDetect,True,Motion,100,81,Floor 5,503,MTH
fc4ccd88-da98-4d56-80c9-25307e563518,08:43:29,DoorData,False,Door Position,87,85,Floor 5,503,D
2311174c-57f0-4ee2-957f-45655340ec3c,08:43:29,MotionDetect,True,Motion,100,80,Floor 5,503,MTH
9d144211-75ee-495f-a9ff-add4c791acd9,08:43:44,DoorData,True,Door Position,100,79,Floor 5,503,D
e7a929ac-a2ae-46ba-980f-ba1aa927ffa5,08:43:50,MotionDetect,False,Motion,100,36,Floor 5,503,M
49ff8fa6-bf67-48db-a157-dde6883b4624,08:44:37,MotionDetect,True,Motion,100,61,Floor 5,503,M
5a96da60-cda1-485f-bdfc-b1667f5803a3,08:44:41,MotionDetect,True,Motion,100,81,Floor 5,503,MTH
f5b9bd34-f1a0-4f6c-8221-3c924d437f5e,08:44:47,MotionDetect,False,Motion,100,41,Floor 5,503,M
76216523-3965-4299-86ee-17686312d059,08:45:10,MotionDetect,True,Motion,100,64,Floor 5,503,M
fe5e9d91-83ad-45ca-88ff-1f9e86a84af0,08:45:21,MotionDetect,False,Motion,100,62,Floor 5,503,M
1d60b4af-8213-4e38-a92a-4c76775562ca,08:46:45,MotionDetect,True,Motion,100,82,Floor 5,503,MTH
81aea02e-9276-4e9e-b281-f568b269bf15,08:46:54,MotionDetect,True,Motion,100,83,Floor 5,503,MTH
11f23f93-870a-49b9-bd59-cce9e576d13d,08:46:55,MotionDetect,True,Motion,100,67,Floor 5,503,M
f05ff6f3-a1eb-4de9-8695-74322d979d19,08:47:05,MotionDetect,False,Motion,100,69,Floor 5,503,M
d16b679b-19fe-4b17-b92d-a5f11f185db0,08:48:01,MotionDetect,True,Motion,100,86,Floor 5,503,MTH
452496e6-520f-4c7c-8513-a8e7fdaec171,08:48:55,MotionDetect,True,Motion,100,65,Floor 5,503,M
bbe68810-d1f7-40fa-be72-2cf50506966e,08:49:05,MotionDetect,False,Motion,100,43,Floor 5,503,M
dce97374-008f-4e07-84bd-5be4a48f1d05,08:49:27,MotionDetect,True,Motion,100,41,Floor 5,503,M
836130a7-8623-4fe0-ad65-8fec451af480,08:49:29,MotionDetect,True,Motion,100,82,Floor 5,503,MTH
b0a3c319-9774-4a7c-a00b-b90822f58f42,08:49:48,MotionDetect,False,Motion,100,41,Floor 5,503,M
8a7e4e3c-5b0a-4c69-9b7c-de30af786695,08:50:12,MotionDetect,True,Motion,100,63,Floor 5,503,M
88a21f83-69d3-4b35-bc7b-246174ab2aae,08:50:20,MotionDetect,False,Motion,100,55,Floor 5,503,M
4847f612-edca-4ff6-8b68-1bc9dda93b47,08:50:38,MotionDetect,True,Motion,100,65,Floor 5,503,M
15d6dea2-0e03-4d1a-9a92-d26bf0fe13eb,08:50:42,MotionDetect,True,Motion,100,83,Floor 5,503,MTH
b18cd769-e53a-4831-8d09-631cf025df2b,08:50:48,MotionDetect,False,Motion,100,62,Floor 5,503,M
883a40a9-34a2-402a-8728-4a57f4605a28,08:51:47,MotionDetect,True,Motion,100,60,Floor 5,503,M
43a7a0ef-f5aa-43bc-bc62-d7927dca0ad6,08:51:49,MotionDetect,True,Motion,100,82,Floor 5,503,MTH
40f62989-658d-4863-968d-3b0e36753992,08:51:58,MotionDetect,False,Motion,100,38,Floor 5,503,M
a9a17517-4e4e-49ae-a3f2-629fe4e91488,08:52:05,MotionDetect,True,Motion,100,62,Floor 5,503,M
9d5d6ae9-0203-49e9-8cfc-af60c2a0d267,08:52:18,MotionDetect,False,Motion,100,46,Floor 5,503,M
2446ddc5-2438-4916-8665-f1f1ff0c1b6d,08:52:22,MotionDetect,True,Motion,100,46,Floor 5,503,M
257f36a3-e007-41df-b578-9293e4e7615d,08:52:28,MotionDetect,True,Motion,100,82,Floor 5,503,MTH
83f1fb9b-206f-4ba1-82e0-2d8a447b9989,08:52:30,MotionDetect,False,Motion,100,14,Floor 5,503,M
1170ed92-372c-4458-a2eb-33e1373c3233,08:53:08,MotionDetect,True,Motion,100,65,Floor 5,503,M
4576aa8a-e752-48cc-aee1-76fe2636ee7a,08:53:20,MotionDetect,True,Motion,100,84,Floor 5,503,MTH
0b820716-f371-496b-aa39-86a747bfd86a,08:53:23,MotionDetect,False,Motion,100,64,Floor 5,503,M
b35f4c96-3415-43b5-810e-1bb6582c2637,08:53:52,MotionDetect,True,Motion,100,82,Floor 5,503,MTH
e2b4bc71-a7f0-40b5-b3a6-9a6027119e0d,08:54:18,MotionDetect,True,Motion,100,60,Floor 5,503,M
1a758712-3113-4791-b3cd-ec09f50df27d,08:54:36,MotionDetect,False,Motion,100,53,Floor 5,503,M
bf3f648b-d77d-4d0b-9ba4-c1ad58eacf5d,08:54:47,MotionDetect,True,Motion,100,84,Floor 5,503,MTH
e0cf8e91-4432-442f-83a5-5212db3c7bfb,08:55:03,MotionDetect,True,Motion,100,63,Floor 5,503,M
370a1c70-66b2-43b1-b899-645568c0c808,08:55:15,MotionDetect,False,Motion,100,34,Floor 5,503,M
d59f4854-fd20-4c45-98a9-8819e2a05351,08:55:26,MotionDetect,True,Motion,100,43,Floor 5,503,M
a01bbc7e-b227-4672-875e-341348d8e8ea,08:55:36,MotionDetect,False,Motion,100,46,Floor 5,503,M
54ca0406-9911-4e2c-8f26-a116fe9a879a,08:55:45,MotionDetect,True,Motion,100,83,Floor 5,503,MTH
b1742a19-7f3f-4c90-89e2-d78925029156,08:55:51,MotionDetect,True,Motion,100,82,Floor 5,503,MTH
66350882-e436-4103-af85-6dfefb47013f,08:55:53,MotionDetect,True,Motion,100,46,Floor 5,503,M
9a5706fb-b84d-4871-943b-a37370690ee3,08:55:54,MotionDetect,True,Motion,100,46,Floor 5,503,M
2145285c-0c14-46d3-bfea-8d882f0e7fc2,08:56:02,MotionDetect,False,Motion,100,67,Floor 5,503,M
d838fbac-cef1-4f16-8e31-06285ce729dd,08:56:04,MotionDetect,False,Motion,100,68,Floor 5,503,M
511421ad-9f32-4d64-b615-ff3d7bc71bd0,08:56:25,MotionDetect,True,Motion,100,64,Floor 5,503,M
eb08cccf-03e7-4b21-b4ab-4c38aaf6ecdd,08:56:46,MotionDetect,False,Motion,100,53,Floor 5,503,M
ceb70dc3-6532-4a91-b509-49f870a5dac0,08:56:58,MotionDetect,True,Motion,100,82,Floor 5,503,MTH
4d74f676-86c3-4834-953a-165c69a0b03a,08:57:36,MotionDetect,True,Motion,100,82,Floor 5,503,MTH
a6009cc0-0089-4d44-bf94-e316b1747233,08:58:00,MotionDetect,True,Motion,100,66,Floor 5,503,M
4405194d-9d59-4fd6-bbda-2973a391fc9c,08:58:08,MotionDetect,True,Motion,100,80,Floor 5,503,MTH
ce6042e5-df21-45c3-beeb-54993d31a6b3,08:58:15,MotionDetect,False,Motion,100,34,Floor 5,503,M
18197dbe-682c-4fb4-8e92-63ad80669ca1,08:58:38,MotionDetect,True,Motion,100,83,Floor 5,503,MTH
99ad478a-3a37-4ccb-a959-58bbcb058f8e,08:58:42,MotionDetect,True,Motion,100,61,Floor 5,503,M
cf3e5055-9676-4da6-b77d-f5293df64aad,08:58:51,DoorData,False,Door Position,100,86,Floor 5,503,D
238a958f-d7c2-4df2-bdfe-e90c524f3e06,08:59:06,DoorData,True,Door Position,100,77,Floor 5,503,D
2ee70232-2e76-43a2-a3c6-b708f98f83c5,08:59:12,MotionDetect,False,Motion,100,66,Floor 5,503,M
4e78eeaa-f709-4a46-849b-dcf51fd73a0f,08:59:42,MotionDetect,True,Motion,100,82,Floor 5,503,MTH
728d4c1c-3a80-4545-95bc-1ee5ad2b5fa1,08:59:47,MotionDetect,True,Motion,100,60,Floor 5,503,M
27eca295-d7d4-43d9-a1d7-47e9da254103,08:59:58,MotionDetect,False,Motion,100,64,Floor 5,503,M
2ae59974-8234-4266-9351-c0e486c842bd,09:01:57,MotionDetect,True,Motion,100,58,Floor 5,503,M
820786d8-7f50-4179-828a-caad868ab689,09:02:01,MotionDetect,True,Motion,100,83,Floor 5,503,MTH
27ae8040-3bbf-4375-9896-bd1373686354,09:02:10,MotionDetect,False,Motion,100,64,Floor 5,503,M
d93f26db-65e7-44dc-8a61-4e051ca03a92,09:02:23,DoorData,True,Door Position,100,85,Floor 5,503,D
5104e75b-083a-4229-b877-a6c0751b0592,09:03:55,MotionDetect,True,Motion,100,82,Floor 5,503,MTH
dd6c82cd-e8ff-4b09-b8e5-d1ff32ac4d75,09:05:01,MotionDetect,True,Motion,100,80,Floor 5,503,MTH
65ba40a6-eb91-4fb8-bf52-d8d570a00373,09:06:15,MotionDetect,True,Motion,100,81,Floor 5,503,MTH
fe9c7cce-0487-46cb-a518-f8ca4cbcb567,09:07:54,MotionDetect,True,Motion,100,86,Floor 5,503,MTH
1f48bcaa-c9bf-4503-b6f7-238a71e3de9b,09:09:13,MotionDetect,True,Motion,100,65,Floor 5,503,M
77eec9b5-e706-4aaf-b9bb-7d3f0c7f2148,09:09:20,DoorData,False,Door Position,100,85,Floor 5,503,D
933768c2-efd8-47f8-b13a-c411f290f7e2,09:09:31,DoorData,True,Door Position,100,85,Floor 5,503,D
80c04c6e-5a24-4657-a703-d99564a3afd3,09:09:34,DoorData,False,Door Position,100,81,Floor 5,503,D
0e281c12-f575-4a9b-85db-f92f9dfe5a46,09:09:36,DoorData,True,Door Position,100,84,Floor 5,503,D
30afca27-c4b1-4a5d-b97c-b6fe8a1da7ce,09:09:55,MotionDetect,True,Motion,100,85,Floor 5,503,MTH
3a26dc22-9768-4c95-8803-1de20dbe4dc1,09:10:02,MotionDetect,False,Motion,100,62,Floor 5,503,M
fee4c3c7-f49e-47dc-b1bf-c6782ba256b2,09:11:06,MotionDetect,True,Motion,100,83,Floor 5,503,MTH
9682301d-2759-423c-bf5d-e7703169aff2,09:11:30,MotionDetect,True,Motion,100,67,Floor 5,503,M
904239ac-d96a-43cd-8843-f22a7e1af649,09:11:40,MotionDetect,False,Motion,100,60,Floor 5,503,M
4064712b-6932-4180-a0da-6b0c2bcd8b7c,09:11:49,MotionDetect,True,Motion,100,65,Floor 5,503,M
6f57c46b-422c-4a33-a0ed-3f7f4ac79c34,09:12:11,MotionDetect,True,Motion,100,82,Floor 5,503,MTH
95409142-3f92-41da-9507-fdb2afff29c5,09:12:29,DoorData,False,Door Position,100,84,Floor 5,503,D
2148eba6-2f53-4869-9281-ff79653d2144,09:13:00,DoorData,True,Door Position,100,82,Floor 5,503,D
7ac031f8-7d08-44b6-a733-4a06f0ff51e3,09:13:20,MotionDetect,False,Motion,100,55,Floor 5,503,M
ecf2cb2b-643e-4b75-baa2-5cf0032bb645,09:14:06,MotionDetect,True,Motion,100,50,Floor 5,503,M
7fa264fb-e78b-466f-8f29-5360469075d9,09:14:29,MotionDetect,False,Motion,100,60,Floor 5,503,M
7c820b43-fe24-46eb-b872-587e66b5ae57,09:14:34,MotionDetect,True,Motion,100,46,Floor 5,503,M
6b1dd267-a235-4f2e-b22f-50da52ce15cd,09:14:36,DoorData,False,Door Position,100,81,Floor 5,503,D
5799bca3-8c21-4f56-87fb-cb4577106513,09:14:46,MotionDetect,False,Motion,100,62,Floor 5,503,M
66e30b1d-bcc4-4e85-af66-74718ef3da32,09:14:51,MotionDetect,True,Motion,100,63,Floor 5,503,M
bd33bb2f-ee1d-4fef-a032-69ae1b7700ff,09:15:26,DoorData,True,Door Position,100,78,Floor 5,503,D
f676368a-270b-4248-aa12-25bf8696c677,09:15:33,MotionDetect,False,Motion,100,67,Floor 5,503,M
7973ec22-6314-4238-8497-cccc1951135b,09:31:59,DoorData,False,Door Position,97,80,Floor 5,503,D
0e2145b6-7b2d-41e7-b1e7-cd36464b41f6,09:32:00,MotionDetect,True,Motion,100,58,Floor 5,503,M
5561d5be-0078-4adb-85e9-fce443c7f8ad,09:32:04,MotionDetect,True,Motion,100,80,Floor 5,503,MTH
a0d574e8-a368-4d4d-8359-09a1a3743203,09:32:06,DoorData,True,Door Position,100,78,Floor 5,503,D
0d75888a-ee24-4cb7-b1b3-1eae53e375d7,09:32:14,MotionDetect,False,Motion,100,43,Floor 5,503,M
d9d3e5be-7f0c-4901-afca-8a0c6145adf7,09:32:18,MotionDetect,True,Motion,100,61,Floor 5,503,M
624ec10b-2a57-43a1-8da3-65b7540e4a9a,09:32:25,MotionDetect,False,Motion,100,64,Floor 5,503,M
bdfaa850-97d5-48fc-9724-24a4036af94d,09:33:27,MotionDetect,True,Motion,100,80,Floor 5,503,MTH
1b917693-d21d-4157-94a1-156b1856a49a,09:34:49,MotionDetect,True,Motion,100,85,Floor 5,503,MTH
51b6b2bb-1e82-4d70-ba64-49b3bc9d6c11,09:35:51,MotionDetect,True,Motion,100,85,Floor 5,503,MTH
6fbcc66a-83ba-4946-8458-85e52bc66dc1,09:36:28,MotionDetect,True,Motion,100,64,Floor 5,503,M
2d6e1c87-fad9-464c-836c-58853721b58c,09:36:42,MotionDetect,False,Motion,100,50,Floor 5,503,M
493fb4bc-c539-4bd3-aef7-6aef06d6ff68,09:38:07,MotionDetect,True,Motion,100,62,Floor 5,503,M
e1ff564e-1b39-49a1-ab06-eb794c273ccc,09:38:09,MotionDetect,True,Motion,100,85,Floor 5,503,MTH
d24dc820-e42b-4056-8f9c-44f51397c18c,09:38:18,MotionDetect,False,Motion,100,63,Floor 5,503,M
b066eb09-7707-45b5-8c59-3927ba388513,09:38:32,MotionDetect,True,Motion,100,67,Floor 5,503,M
0f5da112-45fd-45c9-969e-a499c80d40f3,09:38:32,DoorData,False,Door Position,100,89,Floor 5,503,D
63f68771-7c7e-4596-9c6d-9ed46557433f,09:38:37,MotionDetect,True,Motion,100,80,Floor 5,503,MTH
cd5c19bf-7435-4f18-9379-8dcd83e267b1,09:38:37,DoorData,True,Door Position,100,86,Floor 5,503,D
ffe271a7-95eb-4533-83b8-a20afd2c958c,09:38:46,DoorData,False,Door Position,97,71,Floor 5,503,D
a1aca3f1-7a41-4615-890a-adafd78e1e3e,09:38:51,DoorData,True,Door Position,100,82,Floor 5,503,D
6fe7cee8-eb94-4419-830e-f3764e65a780,09:38:55,MotionDetect,False,Motion,100,65,Floor 5,503,M
e818a23a-6971-4c4c-ab1b-3141d6de0596,09:39:28,MotionDetect,True,Motion,100,78,Floor 5,503,MTH
b6fc1249-3d86-4173-a5d1-3958feba3c42,09:40:33,MotionDetect,True,Motion,100,70,Floor 5,503,MTH
6a25a947-63d1-46e4-a0d3-eeaabbfecf9f,09:41:47,MotionDetect,True,Motion,100,76,Floor 5,503,MTH
d49395b8-5108-4330-8b1f-668e2bd02f61,09:43:01,MotionDetect,True,Motion,100,85,Floor 5,503,MTH
3388c681-9ca6-4d84-a48e-d63ccfcaf55b,09:55:43,MotionDetect,True,Motion,100,55,Floor 5,503,M
0fb26fe1-64c1-4919-a0cd-2130ff503ccc,09:55:46,MotionDetect,True,Motion,100,78,Floor 5,503,MTH
c9a1d3a2-c62f-4260-883a-dbfdfc6a019d,09:55:55,MotionDetect,False,Motion,100,66,Floor 5,503,M
85494e72-35ae-4f00-856f-025f6a0c5c03,09:56:48,MotionDetect,True,Motion,100,74,Floor 5,503,MTH
3a8527bc-603b-401e-80b9-ee18a058e1b5,09:57:09,MotionDetect,True,Motion,100,62,Floor 5,503,M
bcaa2947-d304-4b8d-9bfb-6bc5c8c0d392,09:57:23,MotionDetect,False,Motion,100,63,Floor 5,503,M
ddc48fe0-dfc4-496e-bad3-38d28701ba36,10:00:24,MotionDetect,True,Motion,100,78,Floor 5,503,MTH
c5ec4b41-a6cb-400d-b247-b0434b0ff4c6,10:00:36,MotionDetect,True,Motion,100,55,Floor 5,503,M
31de15d5-72e8-431e-afb4-6a0a5a409453,10:00:37,DoorData,False,Door Position,100,88,Floor 5,503,D
5d148a05-c10f-45ec-9da0-158631b30232,10:00:45,DoorData,True,Door Position,100,81,Floor 5,503,D
af4d9a67-6b91-46bd-b72b-37f6e41da8c6,10:00:51,MotionDetect,False,Motion,100,65,Floor 5,503,M
bf6cdb8a-2892-4ed0-a886-b65cea69c105,10:17:19,DoorData,False,Door Position,100,85,Floor 5,503,D
50334580-ab6a-49c1-9ec2-8a8e7d610051,10:17:20,MotionDetect,True,Motion,100,61,Floor 5,503,M
33854726-f857-4860-a0aa-074cd309c3bf,10:17:23,MotionDetect,True,Motion,100,76,Floor 5,503,MTH
15fbd01c-585d-40fc-a751-05d3b408ba93,10:17:25,DoorData,True,Door Position,100,83,Floor 5,503,D
858b6553-5ee1-4379-8023-8912b2d270ba,10:17:28,DoorData,False,Door Position,100,83,Floor 5,503,D
0f33b4d8-38df-436f-af74-96f33bbd42a1,10:17:33,DoorData,True,Door Position,100,80,Floor 5,503,D
77994d56-3686-4b7d-97a7-81a1b8a8c6e8,10:17:37,MotionDetect,False,Motion,100,64,Floor 5,503,M
caed5c77-22c8-48c9-942c-d445b1b4de02,10:45:50,DoorData,False,Door Position,100,88,Floor 5,503,D
3ea5febd-75c2-4f03-b391-e2494660cd2c,10:45:51,MotionDetect,True,Motion,100,62,Floor 5,503,M
00635510-b982-47ef-89f6-42bc2fbbf4ac,10:45:55,MotionDetect,True,Motion,100,82,Floor 5,503,MTH
044d341e-a49d-429e-8e16-63a115222cc4,10:45:56,DoorData,True,Door Position,100,84,Floor 5,503,D
b54d1671-da1a-458c-8b14-c2b55c3b0253,10:46:01,MotionDetect,False,Motion,100,62,Floor 5,503,M
649c6e03-285d-4827-b504-04b60ec47e8c,10:46:20,MotionDetect,True,Motion,100,63,Floor 5,503,M
87a37f3b-876d-4f14-86d3-2611ffef5d00,10:46:28,MotionDetect,False,Motion,100,63,Floor 5,503,M
7c9d419c-4d2f-4a9f-a2b0-dc2a92918f9f,10:46:32,MotionDetect,True,Motion,100,67,Floor 5,503,M
879f5fd1-3e5c-4a7f-8251-dcf33a85093c,10:46:34,DoorData,False,Door Position,100,80,Floor 5,503,D
2e2e5345-c3d7-4151-86a5-f33ec7b70ca9,10:46:40,DoorData,True,Door Position,100,80,Floor 5,503,D
b32ffc35-df7e-4e13-8e83-cc9df56b0c03,10:46:44,MotionDetect,False,Motion,100,64,Floor 5,503,M
4b80ae1e-914a-4cde-92a1-b165016415c3,10:47:30,DoorData,False,Door Position,100,81,Floor 5,503,D
52a59814-cb98-4de0-af5f-f7fd560ad2be,10:47:31,MotionDetect,True,Motion,100,43,Floor 5,503,M
fbf837a3-aa4f-4661-8220-e2ce19683c10,10:47:34,MotionDetect,True,Motion,100,82,Floor 5,503,MTH
3ebd0a39-6bf6-40a1-bf39-732fc9f1e5d4,10:47:36,DoorData,True,Door Position,100,85,Floor 5,503,D
7fed2501-6448-49b4-977e-6f2e21d33dd3,10:47:48,MotionDetect,False,Motion,100,53,Floor 5,503,M
f8031d4f-c89e-47f1-9e75-59dc6b02873d,10:48:29,MotionDetect,True,Motion,100,61,Floor 5,503,M
b1212470-3538-400e-af34-316548a005a6,10:48:38,MotionDetect,False,Motion,100,58,Floor 5,503,M
6ea0bc77-85b4-4f2b-80ba-3c82df00d60f,10:48:50,MotionDetect,True,Motion,100,80,Floor 5,503,MTH
f6ad6c6d-ed17-4ba5-8309-7d5f2e1854a6,10:53:04,MotionDetect,True,Motion,100,77,Floor 5,503,MTH
52eee4c6-ed13-49da-b7ed-511041e4e157,10:53:49,MotionDetect,True,Motion,100,60,Floor 5,503,M
805af62d-31e0-403e-ae0e-d9c1d7df33a3,10:53:58,MotionDetect,False,Motion,100,61,Floor 5,503,M
0cfa5db2-2972-4632-97a7-1952e7c6f470,10:55:23,MotionDetect,True,Motion,100,58,Floor 5,503,M
f68021e9-dcdb-4fab-b429-64b21eeccbba,10:55:27,MotionDetect,True,Motion,100,80,Floor 5,503,MTH
0732001b-9595-45b4-9e89-04cdd8d52631,10:55:38,MotionDetect,False,Motion,100,62,Floor 5,503,M
8f4cbc28-1da2-4bde-a46a-c2e364a99001,10:56:46,MotionDetect,True,Motion,100,80,Floor 5,503,MTH
19fb6c03-b35d-4fe2-b904-fa4fda2e9285,10:58:05,MotionDetect,False,Motion,100,86,Floor 5,503,MTH
45f280c5-07d4-4a1c-ac23-70667f38872b,10:58:14,MotionDetect,True,Motion,100,79,Floor 5,503,MTH
4758897a-a988-4965-91ca-88e8e729dc37,10:59:04,DoorData,True,Door Position,100,84,Floor 5,503,D
bba4379b-b71e-4d5b-bdc8-70169b73edc3,10:59:10,MotionDetect,False,Motion,100,66,Floor 5,503,M
8616554b-ab02-4533-8406-4e65f0c82945,10:59:36,MotionDetect,True,Motion,100,62,Floor 5,503,M
a5b083e9-bb89-4f80-8e36-73e7ead14281,10:59:44,MotionDetect,False,Motion,100,46,Floor 5,503,M
9df38b25-b293-4aae-a770-a47c499f8dc9,10:59:51,MotionDetect,True,Motion,100,84,Floor 5,503,MTH
5f4f3f52-3cb5-46e2-83b8-c4f396ec353d,11:00:54,MotionDetect,True,Motion,100,86,Floor 5,503,MTH
51944d3a-077f-4211-a7fb-faf47f6ed0b1,11:02:04,MotionDetect,True,Motion,100,82,Floor 5,503,MTH
368624d7-74fb-418d-b25b-0ebb4c991308,11:03:16,MotionDetect,True,Motion,100,83,Floor 5,503,MTH
3f55b037-d957-4b43-b03d-976d263ca060,11:05:02,MotionDetect,True,Motion,100,83,Floor 5,503,MTH
6457725d-e900-4a30-a72f-55f64d85f57b,11:06:08,MotionDetect,True,Motion,100,75,Floor 5,503,MTH
e309e03a-ce65-42f2-bbd9-53cfad90e228,11:07:19,MotionDetect,True,Motion,100,83,Floor 5,503,MTH
5fed4f16-f91a-4417-84e2-279170d7c2ee,11:08:27,MotionDetect,True,Motion,100,80,Floor 5,503,MTH
c6aefa9b-93b0-4d6e-b29f-b914d25c93e2,11:08:30,MotionDetect,True,Motion,100,60,Floor 5,503,M
25e2997f-9432-4e2a-b845-5c822a591174,11:08:37,DoorData,False,Door Position,100,86,Floor 5,503,D
1fe26b70-34b1-452d-b412-f49eb56ab788,11:08:43,DoorData,True,Door Position,100,80,Floor 5,503,D
2330942f-a69c-4267-ac70-daada1a29a44,11:08:47,MotionDetect,False,Motion,100,60,Floor 5,503,M
f11df728-de74-4ec0-92c4-a28732b96cbd,11:09:15,MotionDetect,True,Motion,100,61,Floor 5,503,M
86db2555-c687-4f9f-9cbd-25cc64d3554c,11:09:15,DoorData,False,Door Position,100,83,Floor 5,503,D
2d16d987-0260-4a77-a472-51da7a1827bc,11:09:20,DoorData,True,Door Position,100,84,Floor 5,503,D
7f2e10c3-4a54-41e6-a5e6-e877ddeb671b,11:09:39,DoorData,False,Door Position,100,84,Floor 5,503,D
c00bff95-cb35-419c-afb9-87321ca69002,11:09:46,DoorData,True,Door Position,100,83,Floor 5,503,D
8b5caf02-0e52-46c1-9996-c5e0882188b6,11:09:51,MotionDetect,False,Motion,100,63,Floor 5,503,M
44214eb5-664c-417a-b8ab-5c37e1c20dd1,11:20:09,DoorData,False,Door Position,100,88,Floor 5,503,D
820c876d-a0e1-4e50-86e4-9613ad488b82,11:20:10,MotionDetect,True,Motion,100,65,Floor 5,503,M
420ce271-d85e-44c1-b3b4-8169a352f801,11:20:18,MotionDetect,True,Motion,100,86,Floor 5,503,MTH
bc3ef56b-1620-48d7-96c5-7428cb9feeb1,11:20:41,MotionDetect,False,Motion,100,63,Floor 5,503,M
93b5a493-d1e1-445a-a45d-182fee965a29,11:20:45,MotionDetect,True,Motion,100,65,Floor 5,503,M
1e43d160-001e-48b2-897e-1ac769578a32,11:20:58,MotionDetect,False,Motion,100,65,Floor 5,503,M
009ce6da-8f31-486b-a434-2ba6b80a7aaa,11:21:14,MotionDetect,True,Motion,100,68,Floor 5,503,M
24d20cf1-dc64-465f-b55d-88bbaf0e685d,11:21:23,MotionDetect,False,Motion,100,65,Floor 5,503,M
289848ca-310a-41c3-9046-89d8286393ca,11:22:04,MotionDetect,True,Motion,100,68,Floor 5,503,M
9093e967-a3cd-4a57-b381-6e43c662a1ce,11:22:16,MotionDetect,False,Motion,100,64,Floor 5,503,M
bc4e8ea7-a6a7-4733-84d8-88a9cbc0bee8,11:22:20,MotionDetect,True,Motion,100,64,Floor 5,503,M
c4196112-48c3-4cb8-bfce-e20e2ef6c837,11:22:27,MotionDetect,False,Motion,100,65,Floor 5,503,M
ef83e149-c96b-49ad-baed-c57734a89bdc,11:25:33,MotionDetect,True,Motion,100,68,Floor 5,503,M
2a8a5581-e99a-4b37-a1f1-61b8837e5b50,11:25:59,MotionDetect,False,Motion,100,70,Floor 5,503,M
8ceca009-9d32-4522-8c69-e5a22c9302c8,11:26:14,MotionDetect,True,Motion,100,68,Floor 5,503,M
967fc311-2003-4352-82ff-9e57540425b5,11:26:23,MotionDetect,False,Motion,100,66,Floor 5,503,M
7d86fb64-aaaf-4d35-99c7-904f2fcfd6c3,11:26:57,MotionDetect,True,Motion,100,66,Floor 5,503,M
4a172e74-083a-4686-8f29-7c49c739d43b,11:27:05,MotionDetect,False,Motion,100,60,Floor 5,503,M
1ae12a5d-864d-44a4-95df-491622fbd270,11:27:09,MotionDetect,True,Motion,100,67,Floor 5,503,M
c13af4f6-f16d-4f80-b6ba-9a36214fe103,11:27:35,MotionDetect,False,Motion,100,66,Floor 5,503,M
bf8ad421-dff5-4fc6-ba1f-e89fd5d3aeac,11:27:40,MotionDetect,True,Motion,100,66,Floor 5,503,M
1a7612f2-d635-4b77-8136-a39524ffee78,11:28:00,MotionDetect,False,Motion,100,64,Floor 5,503,M
e0bb28e1-0b46-4dfa-97ba-f4e09181b5d0,11:28:34,MotionDetect,True,Motion,100,60,Floor 5,503,M
858fe380-9bc2-4143-879a-9c6e3eab094d,11:28:50,MotionDetect,False,Motion,100,67,Floor 5,503,M
cbf7ef54-3e15-48aa-92b7-a5599aea604d,11:29:02,MotionDetect,True,Motion,100,66,Floor 5,503,M
5f7b2413-054f-454e-b097-b433a02f2e5a,11:29:47,MotionDetect,False,Motion,100,67,Floor 5,503,M
c1e5f7bc-0e16-4147-adf2-a4ce402376ed,11:34:09,MotionDetect,True,Motion,100,63,Floor 5,503,M
f5e1a3c8-e1d1-4dcf-9311-331fc8ced96d,11:34:18,MotionDetect,False,Motion,100,66,Floor 5,503,M
4dd93b81-036c-4773-984d-0490e2682150,11:34:26,MotionDetect,True,Motion,100,63,Floor 5,503,M
3f069d64-5819-477a-9b08-f3a6449074a4,11:34:46,MotionDetect,False,Motion,100,65,Floor 5,503,M
c4b746f2-9490-42ea-99a2-60b46f14f98f,11:36:52,MotionDetect,True,Motion,100,64,Floor 5,503,M
2c9d2565-d0f4-42b7-9060-439ca59d6651,11:37:10,MotionDetect,False,Motion,100,66,Floor 5,503,M
50014404-905b-4c1f-934f-c0d3e01d2884,11:37:19,MotionDetect,True,Motion,100,67,Floor 5,503,M
75567a3b-6150-4d21-b2d8-c225b65390ae,11:37:39,MotionDetect,False,Motion,100,67,Floor 5,503,M
8aed6302-7377-4e4c-8653-a93f9ee2e0b6,11:38:51,MotionDetect,True,Motion,100,63,Floor 5,503,M
0d28503e-6a00-48d9-ae1d-c4d2b1a6e76d,11:39:00,MotionDetect,False,Motion,100,46,Floor 5,503,M
9f938974-e44e-4a50-834b-2115e978382b,11:39:05,MotionDetect,True,Motion,100,60,Floor 5,503,M
45d6f73b-214d-44b7-950c-1d9ce7e4bf9a,11:39:12,MotionDetect,False,Motion,100,61,Floor 5,503,M
dfd0e888-dce9-497b-b4da-190a75b9f12b,11:39:16,MotionDetect,True,Motion,100,64,Floor 5,503,M
8be66691-9c2c-4f72-a26c-a54b05be061b,11:39:41,MotionDetect,False,Motion,100,63,Floor 5,503,M
64ab48c8-e24f-4708-9db7-d9ff28b3eab8,11:40:10,MotionDetect,True,Motion,100,65,Floor 5,503,M
e5e2f677-2a89-43de-a9c9-282c08638f84,11:40:27,MotionDetect,True,Motion,100,76,Floor 5,503,MTH
5a9f3101-492a-4143-9379-61cdcdc834bc,11:40:33,MotionDetect,False,Motion,100,66,Floor 5,503,M
50553283-730a-4677-87fb-62d89fe14c34,11:40:42,MotionDetect,True,Motion,100,66,Floor 5,503,M
36f49a94-eeff-4b27-8982-f2ccd306c8af,11:40:58,MotionDetect,False,Motion,100,41,Floor 5,503,M
78a3d1c3-0a40-4292-88f8-a56bd63f5924,11:41:34,MotionDetect,True,Motion,100,88,Floor 5,503,MTH
735093f7-4fd5-4d07-a51f-d954d921d254,11:41:39,MotionDetect,True,Motion,100,64,Floor 5,503,M
15bdc866-e9b4-4a98-b457-f80b0c47a18d,11:41:53,DoorData,True,Door Position,100,75,Floor 5,503,D
6c53864a-fd3e-4fd0-bd2b-9d8e4fd7cfae,11:41:57,MotionDetect,False,Motion,100,46,Floor 5,503,M
6c8f5435-84e3-4be2-a8f7-223e29f49467,12:00:25,MotionDetect,False,Motion,100,82,Floor 5,503,MTH
53343441-fbbf-4eec-9160-fecaaefdfde7,12:00:46,DoorData,True,Door Position,100,80,Floor 5,503,D
3c39d6aa-bbab-4265-b263-9c1821e22ffc,12:00:52,MotionDetect,False,Motion,100,64,Floor 5,503,M
fb59c9da-81f5-4869-ac27-3f4ec946c5f1,12:42:21,DoorData,False,Door Position,100,81,Floor 5,503,D
ef7a189f-623b-4a63-959c-98f03926a660,12:42:22,MotionDetect,True,Motion,100,62,Floor 5,503,M
0bc23504-25b5-4ad6-b947-8665fa8c3e68,12:42:28,DoorData,True,Door Position,100,81,Floor 5,503,D
d6de01e3-8ed3-4f98-9716-ff5065c51f1d,12:42:29,MotionDetect,True,Motion,100,83,Floor 5,503,MTH
35baffb8-957c-49e3-bd71-560d105ce7e1,12:42:34,MotionDetect,False,Motion,100,66,Floor 5,503,M
17002072-c673-4f0c-8a60-1cdb6a4202b8,12:43:14,MotionDetect,True,Motion,100,64,Floor 5,503,M
af141bba-0cfa-4a9f-b567-9f864ae3d4cf,12:43:24,MotionDetect,False,Motion,100,46,Floor 5,503,M
61115e02-d07e-4b9f-8982-e9cd082e11bb,12:44:30,MotionDetect,True,Motion,100,63,Floor 5,503,M
94cde31d-9912-4416-aed1-27d6cbf3de1b,12:44:40,MotionDetect,False,Motion,100,61,Floor 5,503,M
b4524bef-af57-4c43-b278-5f5fc82c8ff7,12:44:43,MotionDetect,True,Motion,100,55,Floor 5,503,M
cb5170da-f417-488a-a988-b280e10e2a1d,12:44:47,DoorData,False,Door Position,100,83,Floor 5,503,D
54f157dd-e91b-44a8-8ea5-48a693d59399,12:44:52,DoorData,True,Door Position,100,79,Floor 5,503,D
0256490c-321e-4346-942b-4f322a1bdf41,12:44:57,MotionDetect,False,Motion,100,62,Floor 5,503,M
69268884-ca22-4a3b-a7b0-7c44beb39813,12:58:07,MotionDetect,False,Motion,100,78,Floor 5,503,MTH
8051c5d8-ea74-410f-9716-8fe200b6d436,12:59:06,DoorData,True,Door Position,100,85,Floor 5,503,D
78f874ca-d82c-44b2-adc7-68784489d1f7,12:59:13,MotionDetect,False,Motion,100,62,Floor 5,503,M
fa8b908f-4f6d-411d-943c-57e2c80745f0,14:00:24,MotionDetect,False,Motion,100,80,Floor 5,503,MTH
cb33cbea-0136-430f-a5bf-70eae4ac0797,14:00:45,DoorData,True,Door Position,100,83,Floor 5,503,D
84fb9c8a-bfce-41bb-bc1a-d3f302f60fb8,14:00:51,MotionDetect,False,Motion,100,65,Floor 5,503,M
fb361cf8-60a4-4ec6-9579-7d5f5faf192f,14:42:29,MotionDetect,False,Motion,100,86,Floor 5,503,MTH
41e99927-981d-4ec6-a51c-16d8e6b0fe44,14:44:52,DoorData,True,Door Position,100,81,Floor 5,503,D
1b17e6c5-fbc6-4a34-b414-48702438178b,14:44:57,MotionDetect,False,Motion,100,60,Floor 5,503,M
db68ed16-8135-4138-ab83-cb8ca53fda38,14:58:07,MotionDetect,False,Motion,100,86,Floor 5,503,MTH
c0cbc8e1-839d-4aba-9e69-5ae9801acb0e,14:59:06,DoorData,True,Door Position,100,82,Floor 5,503,D
79067b27-e10c-4ebb-ac73-08c3e3e6247f,14:59:13,MotionDetect,False,Motion,100,63,Floor 5,503,M
fc5c4187-a554-45c9-83f5-53d076e0ba87,16:00:24,MotionDetect,False,Motion,100,82,Floor 5,503,MTH
04041df8-dc48-444e-8204-70074d032414,16:00:45,DoorData,True,Door Position,100,85,Floor 5,503,D
7226813b-197a-4b14-99d9-249b75d07690,16:00:51,MotionDetect,False,Motion,100,65,Floor 5,503,M
6c686db5-d65c-4858-8c44-f6df176dbc19,16:42:28,MotionDetect,False,Motion,100,81,Floor 5,503,MTH
1a8db18e-ed38-48f6-b534-a3fef03c169c,16:44:51,DoorData,True,Door Position,100,80,Floor 5,503,D
d1e959da-675d-479d-a9f0-289b5cae0f82,16:44:56,MotionDetect,False,Motion,100,61,Floor 5,503,M
7db726b9-b8d7-4db4-8cb9-ceaf74ece2cc,16:58:08,MotionDetect,False,Motion,100,82,Floor 5,503,MTH
41ad9c53-b69e-4382-ad62-d010ee6026c3,16:59:07,DoorData,True,Door Position,100,82,Floor 5,503,D
bd871a89-7c9b-4f14-bfc4-03b6fe47392c,16:59:14,MotionDetect,False,Motion,100,66,Floor 5,503,M
fbedb256-34d3-4bfc-9064-2d6cf3a9271f,18:00:25,MotionDetect,False,Motion,100,82,Floor 5,503,MTH
8ee2a20a-1c37-4c8d-9d76-8408f2e1bf08,18:00:46,DoorData,True,Door Position,100,85,Floor 5,503,D
bb80dcd5-28e9-4f54-90f8-f2c24b23a13f,18:00:52,MotionDetect,False,Motion,100,62,Floor 5,503,M
0657e320-c7eb-4673-a795-3becdb562fdd,18:42:28,MotionDetect,False,Motion,100,81,Floor 5,503,MTH
556eeab1-0fb3-49a6-b249-f09123ec28cb,18:44:51,DoorData,True,Door Position,100,85,Floor 5,503,D
89275a90-1a2e-4906-bfff-9fcfc118b16d,18:44:56,MotionDetect,False,Motion,100,65,Floor 5,503,M
18091339-966f-4516-aa6b-7cd1e3b90fc8,18:58:07,MotionDetect,False,Motion,100,80,Floor 5,503,MTH
d8895c72-71f0-4201-9bd1-4dcf6408484c,18:59:06,DoorData,True,Door Position,100,81,Floor 5,503,D
19228a5b-824b-4092-94ae-801f0c9b5593,18:59:13,MotionDetect,False,Motion,100,62,Floor 5,503,M
52658e3d-8cf3-4130-8e9c-cf60939724e5,19:40:58,DoorData,False,Door Position,100,81,Floor 5,503,D
05044d73-5a7f-4e85-a9c1-422e308ef295,19:40:59,MotionDetect,True,Motion,100,38,Floor 5,503,M
54180a04-0a89-43df-b5d3-f8a04e285363,19:41:03,DoorData,True,Door Position,100,81,Floor 5,503,D
cac4cb62-57e2-47b8-81bc-1d933abf6aee,19:41:09,MotionDetect,True,Motion,100,85,Floor 5,503,MTH
15346b84-6bdb-4c82-8323-710458db3e74,19:41:17,MotionDetect,False,Motion,100,60,Floor 5,503,M
1ae5fe5f-167e-4a39-bc6b-69ec3345b105,19:42:14,MotionDetect,True,Motion,100,82,Floor 5,503,MTH
4d7e182d-7e38-482c-8469-d8cb12ed34ba,19:42:18,MotionDetect,True,Motion,100,66,Floor 5,503,M
9e0a186a-b060-4d49-b4e2-b4ecfb32f984,19:42:29,MotionDetect,False,Motion,100,64,Floor 5,503,M
9b28d780-e94b-48ad-afdf-7680c1d5c554,19:43:10,MotionDetect,True,Motion,100,55,Floor 5,503,M
995b34f7-7fe8-4077-bfd2-38a7cc797512,19:43:21,MotionDetect,False,Motion,100,64,Floor 5,503,M
ef70b054-d558-49df-8edd-9e98a53a0475,19:43:39,MotionDetect,True,Motion,100,85,Floor 5,503,MTH
86a42823-dd4a-44a1-8fbc-e5a0c8829d67,19:44:47,MotionDetect,True,Motion,100,82,Floor 5,503,MTH
cef5e522-5a45-4791-9f84-fdc7e88e3c45,19:45:22,MotionDetect,True,Motion,100,60,Floor 5,503,M
f673199c-b0aa-400a-97e9-ed48c5921269,19:45:38,MotionDetect,False,Motion,100,62,Floor 5,503,M
d285f79a-aa78-465d-8f00-396c19a804ed,19:49:19,MotionDetect,True,Motion,100,53,Floor 5,503,M
bfcb5ea3-b4a1-4e50-97f7-f2a294193cb0,19:49:21,MotionDetect,True,Motion,100,85,Floor 5,503,MTH
2db07043-a0d5-4727-a30b-4155da9e680a,19:49:29,MotionDetect,False,Motion,100,55,Floor 5,503,M
ea4c9e26-071f-4f5b-8029-0f51fc57b7af,19:50:12,MotionDetect,True,Motion,100,46,Floor 5,503,M
f83aefa1-8b19-41ef-acf4-b28e32f0cbb3,19:50:27,MotionDetect,False,Motion,100,58,Floor 5,503,M
fa411ea1-61b3-423a-8b90-945948909024,19:50:47,MotionDetect,True,Motion,100,85,Floor 5,503,MTH
5c20fd14-4daa-4bf6-8991-3454c943ecdc,20:00:24,MotionDetect,False,Motion,100,82,Floor 5,503,MTH
e6601cb4-4584-4e43-8e7a-6750dc6df12a,20:00:41,MotionDetect,True,Motion,100,82,Floor 5,503,MTH
8a7f1eac-c47b-4a68-91d6-265f465b30bc,20:00:45,DoorData,True,Door Position,100,83,Floor 5,503,D
f99b7514-d8db-472a-b737-f135cf43aa7d,20:00:51,MotionDetect,False,Motion,100,64,Floor 5,503,M
55a6247f-26e5-47fb-a5eb-3fd07c7d35c5,20:00:51,MotionDetect,True,Motion,100,22,Floor 5,503,M
2df5cdb9-eee5-4667-8416-8504bb95b644,20:01:01,MotionDetect,False,Motion,100,48,Floor 5,503,M
ab87f161-aae6-4177-9235-84c22794b1ca,20:11:14,MotionDetect,True,Motion,100,62,Floor 5,503,M
93be6018-01ec-48fd-9cc3-c2cb07013bf1,20:11:16,MotionDetect,True,Motion,100,85,Floor 5,503,MTH
fc1aab4e-05f8-4e5e-86f7-deeb7b144d72,20:11:25,MotionDetect,False,Motion,100,60,Floor 5,503,M
d44e314a-d753-4b7d-9e8b-293cb4476264,20:12:19,MotionDetect,True,Motion,100,80,Floor 5,503,MTH
d20caa66-96a1-4501-816b-79c4e1a8be40,20:39:46,DoorData,False,Door Position,100,86,Floor 5,503,D
e55b2f0f-0324-4e29-b59e-bbf85083651a,20:39:47,MotionDetect,True,Motion,100,61,Floor 5,503,M
77d079be-626a-458f-a7c6-6a375b40904a,20:39:53,DoorData,True,Door Position,100,76,Floor 5,503,D
e597213b-e417-47c1-92fe-9500fe29409f,20:39:57,MotionDetect,True,Motion,100,80,Floor 5,503,MTH
a1ca437e-2cb0-4d57-b0b4-bb6ce8cff2fc,20:40:08,MotionDetect,False,Motion,100,65,Floor 5,503,M
a90a9a71-6b6a-4f46-981d-6046cd6e7dbf,20:40:39,MotionDetect,True,Motion,100,64,Floor 5,503,M
2d75e49c-6f78-4a67-b57d-23338f22653c,20:40:49,MotionDetect,False,Motion,100,48,Floor 5,503,M
d6b16fca-da84-47da-9880-123103d77646,20:40:55,MotionDetect,True,Motion,100,63,Floor 5,503,M
5d66cb36-da86-4dd7-a87e-bfa82033c038,20:41:03,MotionDetect,False,Motion,100,66,Floor 5,503,M
02e5d946-9695-4a5f-9b9f-c166f5eeb4c8,20:42:05,MotionDetect,True,Motion,100,81,Floor 5,503,MTH
508a9ae3-f278-4194-a1fa-26f7a7b5dc9e,20:42:25,MotionDetect,True,Motion,100,64,Floor 5,503,M
54da7633-bc28-4296-b0b7-c7ce7dad1c37,20:42:29,MotionDetect,False,Motion,100,80,Floor 5,503,MTH
5f406f94-8f9a-43c1-a296-4e3de8b99de1,20:42:33,MotionDetect,False,Motion,100,61,Floor 5,503,M
c083bc39-fb2f-4bc3-8b8c-99e122ef8aed,20:42:47,MotionDetect,True,Motion,100,61,Floor 5,503,M
27f9e291-3934-4318-81fe-2d5e7f6729e2,20:42:54,MotionDetect,False,Motion,100,60,Floor 5,503,M
f21c4ca7-ca4a-47f5-b0fb-dbbc62ed0a25,20:43:06,MotionDetect,True,Motion,100,61,Floor 5,503,M
3ea81467-bd57-40a0-847a-330a6c34ebe0,20:43:08,MotionDetect,True,Motion,100,83,Floor 5,503,MTH
d1f745b3-d1a4-4603-b32c-942967245431,20:43:17,MotionDetect,False,Motion,100,61,Floor 5,503,M
983d679a-f2d5-4448-b7e8-d60632981fff,20:44:19,MotionDetect,True,Motion,100,86,Floor 5,503,MTH
fbcb97e4-5d99-45f6-8f12-9891502ead2e,20:44:31,MotionDetect,True,Motion,100,58,Floor 5,503,M
0a5cef09-3d23-4d24-8a3c-a9701c6cce71,20:44:43,MotionDetect,False,Motion,100,58,Floor 5,503,M
926fe2ea-34e4-4d6c-92c1-5efee5c384ef,20:44:52,DoorData,True,Door Position,100,85,Floor 5,503,D
f569bb8f-a2c2-4c93-8579-27c0af3fb840,20:44:54,MotionDetect,True,Motion,100,61,Floor 5,503,M
2eebaa3f-1f49-4ae8-a5a6-f3931a856b78,20:44:57,MotionDetect,False,Motion,100,64,Floor 5,503,M
cecde2e4-bac5-40aa-8550-911fcddda3aa,20:45:05,MotionDetect,False,Motion,100,63,Floor 5,503,M
5036b47c-2889-4180-a18b-3bf694a05b4e,20:45:24,MotionDetect,True,Motion,100,84,Floor 5,503,MTH
0145c00b-ccf7-40ee-abe3-83c1e8de3ffe,20:47:08,MotionDetect,True,Motion,100,78,Floor 5,503,MTH
8065701e-05ab-4e30-875e-b0c56c9baed7,20:48:12,MotionDetect,True,Motion,100,84,Floor 5,503,MTH
c2e8cdc2-a29f-430c-b66f-b76a457f9af2,20:48:32,MotionDetect,True,Motion,100,60,Floor 5,503,M
3f8b6548-30dc-4d47-9ba4-de885a04322a,20:48:43,MotionDetect,False,Motion,100,65,Floor 5,503,M
52dc034e-33b3-4544-aa93-3802cdb5414e,20:49:40,MotionDetect,True,Motion,100,79,Floor 5,503,MTH
04608edd-2e17-4ae5-8428-eaf280e807c6,20:49:48,MotionDetect,True,Motion,100,53,Floor 5,503,M
39adb0b7-9b21-4927-99bf-877ef37044a5,20:49:59,MotionDetect,False,Motion,100,63,Floor 5,503,M
a205210e-a06d-4ff3-bf42-294b0f0dc0d9,20:52:08,MotionDetect,True,Motion,100,64,Floor 5,503,M
46d6869a-baf3-4c14-b0b4-022a9dd477b7,20:52:13,MotionDetect,True,Motion,100,81,Floor 5,503,MTH
a60f9a26-ed1c-4bdf-ad2c-ecdc75f64ffc,20:52:22,MotionDetect,False,Motion,100,67,Floor 5,503,M
0c84fe8e-9e8a-489d-9054-bf8947ffd6a5,20:52:53,MotionDetect,True,Motion,100,64,Floor 5,503,M
ea6cbc5a-6f97-4925-aa97-9b69ed5c37e8,20:53:03,MotionDetect,True,Motion,100,78,Floor 5,503,MTH
306ada6f-ff64-470a-a75e-c8dbe9ecca54,20:53:23,MotionDetect,True,Motion,100,83,Floor 5,503,MTH
d9661f6e-bd77-457a-9784-2a62b55bc397,20:54:53,MotionDetect,True,Motion,100,84,Floor 5,503,MTH
29d54490-c5cc-4944-846f-f411cfea4212,20:54:56,MotionDetect,True,Motion,100,50,Floor 5,503,M
7eb00f14-8091-4589-8df1-304fea99b699,20:55:05,MotionDetect,False,Motion,100,67,Floor 5,503,M
24384a26-84da-4b50-887e-b765f0997730,21:02:08,MotionDetect,True,Motion,100,78,Floor 5,503,MTH
0cae2cdb-5080-4e31-9323-724b0d3c3bb1,21:02:13,MotionDetect,True,Motion,100,61,Floor 5,503,M
181ac141-8bba-469f-be57-b8767970e5b6,21:02:18,DoorData,False,Door Position,100,81,Floor 5,503,D
2232af01-35c4-49d1-b600-1af09f773845,21:02:24,DoorData,True,Door Position,100,74,Floor 5,503,D
fd969b1f-aedf-4b05-a7cd-f165654ba0b7,21:02:41,MotionDetect,False,Motion,100,55,Floor 5,503,M
7dd10996-9798-4b6a-a45f-4cf627d8b458,21:04:31,MotionDetect,True,Motion,100,60,Floor 5,503,M
3756484f-3ea1-4e29-aba8-3e68a9d41b18,21:04:33,MotionDetect,True,Motion,100,81,Floor 5,503,MTH
185526b7-0996-444b-a527-08b704e5f38f,21:04:41,MotionDetect,False,Motion,100,62,Floor 5,503,M
0ce8d4f2-50dd-47f8-a45e-70a6b0d2f502,21:06:19,MotionDetect,True,Motion,100,65,Floor 5,503,M
83e9bd64-5f75-4381-a54e-0d5fee42463d,21:06:23,MotionDetect,True,Motion,100,82,Floor 5,503,MTH
00b3b68f-d28a-442a-83bb-5568224d1612,21:06:31,MotionDetect,False,Motion,100,55,Floor 5,503,M
3c2d1e7b-91fb-4117-bb5d-c2123a3ae3cb,21:09:32,MotionDetect,True,Motion,100,81,Floor 5,503,MTH
d8984b98-9c16-4fb7-9638-ffa0ae866b8f,21:10:13,MotionDetect,True,Motion,100,63,Floor 5,503,M
566fd346-2c6c-4a64-948f-0d34bcb9b146,21:10:34,MotionDetect,False,Motion,100,38,Floor 5,503,M
b39ac553-fce1-4f69-b38e-7795836791ea,21:11:51,MotionDetect,True,Motion,100,64,Floor 5,503,M
54cb5429-b091-4c7f-99ee-84d23178a62f,21:11:54,MotionDetect,True,Motion,100,81,Floor 5,503,MTH
7bb1bf94-d0d9-44b6-b763-3a68e807d04a,21:12:02,MotionDetect,False,Motion,100,63,Floor 5,503,M
c8b0279f-9750-4089-9d62-780229d8e8a1,21:12:45,MotionDetect,True,Motion,100,41,Floor 5,503,M
d486c312-ed2f-412a-8d1f-e6f90e42939a,21:12:54,MotionDetect,False,Motion,100,63,Floor 5,503,M
5aa0eea0-0717-4bdc-9252-ddc9110e3b86,21:12:57,MotionDetect,True,Motion,100,77,Floor 5,503,MTH
9e799255-a046-495f-8e6e-8f7ae88865fb,21:13:19,MotionDetect,True,Motion,100,68,Floor 5,503,M
fca9dc97-dd60-417a-9077-ce638db47a71,21:13:38,MotionDetect,False,Motion,100,66,Floor 5,503,M
15eadecf-ba4e-40d2-a27f-94675101ea99,21:21:45,MotionDetect,True,Motion,100,75,Floor 5,503,MTH
7dec7bca-08a0-436e-846b-2e15f2266f0f,21:21:53,MotionDetect,True,Motion,100,50,Floor 5,503,M
c2d5c417-1b5f-41a3-9c40-b6290ab5ae5c,21:22:08,MotionDetect,False,Motion,100,53,Floor 5,503,M
c61b9798-99a1-4783-b3d0-3b6073f9a4e1,21:23:47,MotionDetect,True,Motion,100,65,Floor 5,503,M
6515d87b-c1ed-4983-8878-88f918aa98ba,21:23:49,MotionDetect,True,Motion,100,83,Floor 5,503,MTH
1de495cd-5cdb-434e-82bc-7d5f93e43d69,21:23:57,MotionDetect,False,Motion,100,55,Floor 5,503,M
8cab93c9-53f5-47f2-babd-0f84a882a4b1,21:24:12,MotionDetect,True,Motion,100,65,Floor 5,503,M
82c8c50d-9a8a-4951-b5ac-55a6d51aef29,21:24:30,MotionDetect,False,Motion,100,31,Floor 5,503,M
35ad6ccd-964f-4b6a-995b-2cc342c34ed2,21:41:04,DoorData,True,Door Position,100,83,Floor 5,503,D
04974414-ef7b-44f2-b583-d4999a84a7a4,21:46:30,MotionDetect,True,Motion,100,78,Floor 5,503,MTH
f5a9e864-76f6-459f-b2f6-154dfa4873b2,22:03:07,MotionDetect,True,Motion,100,80,Floor 5,503,MTH
67f53420-3988-4ddc-99d6-5d6ae02b560e,22:07:39,MotionDetect,True,Motion,100,82,Floor 5,503,MTH
1dbefb6f-8c8e-492f-8183-4be50788780d,22:07:53,MotionDetect,True,Motion,100,66,Floor 5,503,M
73ac134a-d2ba-419a-b598-83e584ca0898,22:08:04,MotionDetect,False,Motion,100,64,Floor 5,503,M
833a378f-c91f-4a27-b0f5-6e1d910ba07c,22:09:43,MotionDetect,True,Motion,100,66,Floor 5,503,M
9e0e018f-551b-4b41-9582-1e6f3fb72818,22:09:46,MotionDetect,True,Motion,100,81,Floor 5,503,MTH
7cb20918-3fda-4202-9d17-24002f96cbf3,22:09:54,MotionDetect,False,Motion,100,65,Floor 5,503,M
0f317c27-82db-421c-853d-ac2bcd5c0b10,22:36:28,DoorData,False,Door Position,100,85,Floor 5,503,D
2dd7b009-7436-49ff-96f5-9dacbd82882b,22:36:28,MotionDetect,True,Motion,100,68,Floor 5,503,M
9eb5228c-b9a4-4061-ba6e-d17cbf3384af,22:36:33,DoorData,True,Door Position,100,79,Floor 5,503,D
ccca3109-24f6-48af-874f-ae590838f3e7,22:36:58,MotionDetect,False,Motion,100,66,Floor 5,503,M
03fe9c8d-ddbd-423f-9ad9-2a0d082925a8,22:37:00,MotionDetect,True,Motion,100,82,Floor 5,503,MTH
01486fb9-eab7-4ed6-934c-53fc4a2e1ac1,22:37:02,MotionDetect,True,Motion,100,65,Floor 5,503,M
571fbf75-b767-42a1-b596-f4494cea62f5,22:37:09,MotionDetect,False,Motion,100,64,Floor 5,503,M
b62ea327-1d09-4ae0-b941-a87887d98665,22:38:27,MotionDetect,True,Motion,100,81,Floor 5,503,MTH
a3fba921-a8a0-4adc-889a-9ea9849f9e64,22:39:25,MotionDetect,True,Motion,100,82,Floor 5,503,MTH
112a6d6c-2a14-4db3-82fe-c02b70fda7b2,22:40:25,MotionDetect,True,Motion,100,82,Floor 5,503,MTH
b97924b1-278c-4e2f-8096-945d16dfaeb6,22:40:48,MotionDetect,True,Motion,100,66,Floor 5,503,M
5d35bd20-ff4d-4055-bf89-974d89908482,22:40:55,MotionDetect,False,Motion,100,67,Floor 5,503,M
8c003dc9-7b2c-4397-b76b-1726f755b323,22:41:25,MotionDetect,True,Motion,100,67,Floor 5,503,M
002ab237-797b-48da-ae87-833290227950,22:41:40,MotionDetect,False,Motion,100,66,Floor 5,503,M
19d3e4cd-3caa-4fce-a83b-76ddf2f1a76c,22:42:13,MotionDetect,True,Motion,100,64,Floor 5,503,M
cb3aaf6a-04ca-4416-a486-d563701aeb7b,22:42:16,MotionDetect,True,Motion,100,80,Floor 5,503,MTH
d3e5c94f-089d-4d37-850c-7de973d90914,22:42:24,MotionDetect,False,Motion,100,65,Floor 5,503,M
c070755b-4cbe-4c19-af11-bd1d90e40afb,22:43:07,MotionDetect,True,Motion,100,60,Floor 5,503,M
30683093-0968-4857-844d-a1539796c626,22:43:19,MotionDetect,False,Motion,100,66,Floor 5,503,M
e1810729-7e54-442d-a99a-97ab70004430,22:59:47,MotionDetect,True,Motion,100,66,Floor 5,503,M
451c29b5-5869-4168-b1eb-2db8709150eb,22:59:53,MotionDetect,True,Motion,100,82,Floor 5,503,MTH
4c5d83fc-6329-45b8-892b-4668d21ac2a5,23:00:00,MotionDetect,False,Motion,100,67,Floor 5,503,M
256192cd-e87a-427c-b3d6-d306b0446ab5,23:02:24,DoorData,True,Door Position,100,81,Floor 5,503,D
ff90a9fc-acc6-4692-a58a-fc9f8ca5de31,23:24:34,MotionDetect,False,Motion,100,50,Floor 5,503,M
